"id","rfapre1","rfapro1","rfapre2","rfapro2","rfapre3","rfapro3","rfapro4","rfapre4","rfcpre1","rfcpro1","rfcpre2","rfcpro2","rfcpre3","rfcpro3","rfcpro4","rfcpre4","aresp1","arest1","aresp2","arest2","aresp3","arest3","aresp4","arest4","arest5","aresp5","cresp1","crest1","cresp2","crest2","cresp3","crest3","cresp4","crest4","crest5","cresp5","ra.name","rfqpro1r","rfqpre1r","rfqpro2","rfqpre2r","rfqpre3","rfqpre4r","rfqpro3","rfqpre5r","rfqpro4r","rfqpro5","rfqpro6r","rfqexpro1","rfqexpro2","rfqexpre1","rfqexpre2","rfqexpre3","rfqexpro3"
4,1,4,3,5,5,5,5,1,2,4,1,1,4,4,4,1,5,1,5,1,5,1,5,1,1,5,5,1,5,3,5,4,5,1,1,5,"Elisa ",NA,NA,NA,NA,NA,NA,NA,NA,NA,NA,NA,NA,NA,NA,NA,NA,NA
7,5,5,5,5,5,4,4,5,4,3,2,2,2,2,2,2,3,0,4,4,4,0,3,1,3,4,5,1,5,4,3,3,4,4,4,5,"Kerry",1,1,5,3,4,4,5,5,1,5,1,4,5,5,4,3,5
8,1,3,3,4,3,5,3,5,3,4,3,4,4,4,4,4,5,0,5,1,2,0,3,0,0,1,4,4,2,4,4,0,3,0,4,2,"Kerry",1,1,3,1,4,1,5,1,1,4,1,4,4,3,4,4,4
9,4,4,4,5,5,5,5,5,2,2,2,2,2,2,2,2,3,2,3,2,3,2,3,2,3,2,3,4,4,5,4,5,4,5,5,2,"Olive",NA,NA,NA,NA,NA,NA,NA,NA,NA,NA,NA,NA,NA,NA,NA,NA,NA
10,5,4,4,2,3,4,3,3,4,4,3,2,3,4,2,2,5,1,5,4,4,2,2,3,2,3,4,3,5,5,4,3,3,3,3,4,"Stephen",1,2,4,1,5,3,5,3,4,4,4,5,5,4,4,4,4
11,5,5,4,5,5,5,5,5,3,3,3,2,4,5,2,3,5,1,5,3,5,1,5,1,3,5,5,3,5,5,5,0,3,4,3,5,"Kerry",1,1,5,1,5,2,4,2,1,5,1,5,3,2,2,4,4
12,NA,NA,NA,NA,NA,NA,NA,NA,NA,NA,NA,NA,NA,NA,NA,NA,NA,NA,NA,NA,NA,NA,NA,NA,NA,NA,NA,NA,NA,NA,NA,NA,NA,NA,NA,NA,NA,2,2,4,1,4,2,3,3,4,5,2,4,5,5,5,5,5
13,4,5,5,5,4,5,5,3,4,5,4,4,4,4,4,4,4,2,4,1,4,2,5,3,4,5,5,2,5,4,5,4,5,3,4,4,"Elisa",1,1,5,2,5,2,5,2,4,4,1,5,5,4,4,4,5
14,3,4,3,4,4,4,4,4,5,4,5,5,5,5,NA,5,2,0,3,2,3,3,3,3,3,3,2,4,4,5,2,5,2,3,5,2,"Olive",3,2,4,2,5,1,4,4,4,4,2,4,5,5,5,5,4
15,5,5,5,5,5,5,5,5,5,2,2,2,2,2,2,2,3,0,5,2,2,1,5,0,0,5,5,1,5,0,5,0,5,0,1,5,"Stephen",1,2,4,3,2,4,4,4,4,4,4,4,5,4,4,3,4
16,4,5,4,4,5,5,4,5,3,2,1,0,3,4,1,1,2,1,3,2,4,3,3,3,4,4,2,3,4,5,4,4,3,4,3,3,"Stephen",1,2,5,5,5,5,5,5,2,5,4,4,5,5,4,4,5
17,NA,NA,NA,NA,NA,NA,NA,NA,NA,NA,NA,NA,NA,NA,NA,NA,NA,NA,NA,NA,NA,NA,NA,NA,NA,NA,NA,NA,NA,NA,NA,NA,NA,NA,NA,NA,NA,1,4,5,3,4,4,5,4,2,5,1,5,5,4,4,4,5
19,4,4,4,4,4,4,5,4,5,5,5,5,5,5,5,5,4,2,4,2,3,2,2,3,2,4,4,4,4,5,4,0,4,1,2,5,"Elisa",2,2,3,2,4,2,4,4,4,4,4,4,4,4,4,4,3
21,5,4,5,5,5,4,4,4,5,4,4,4,4,4,3,3,4,2,4,3,3,2,4,2,3,3,5,2,5,3,5,2,5,2,3,5,"Kerry",1,1,2,1,5,1,5,2,1,4,4,3,3,4,3,4,4
22,5,4,4,4,4,4,4,4,5,4,4,4,4,4,4,4,2,2,4,4,4,3,4,2,4,4,5,4,4,5,4,1,4,2,4,5,"Elisa ",2,2,4,4,4,3,4,5,5,3,2,4,5,5,5,3,4
23,4,4,5,5,4,4,5,5,4,4,3,3,4,4,3,4,5,2,5,4,4,2,5,2,3,4,5,4,4,5,5,2,4,4,4,4,"Kerry",NA,NA,NA,NA,NA,NA,NA,NA,NA,NA,NA,NA,NA,NA,NA,NA,NA
24,NA,NA,NA,NA,NA,NA,NA,NA,NA,NA,NA,NA,NA,NA,NA,NA,NA,NA,NA,NA,NA,NA,NA,NA,NA,NA,NA,NA,NA,NA,NA,NA,NA,NA,NA,NA,"Elisa",2,2,5,2,5,1,4,2,2,4,1,4,4,5,5,5,4
25,4,4,4,4,4,5,5,5,5,5,1,3,3,4,1,3,4,0,4,NA,5,0,5,1,3,5,5,0,5,4,5,0,5,3,4,5,"Olive",NA,NA,NA,NA,NA,NA,NA,NA,NA,NA,NA,NA,NA,NA,NA,NA,NA
26,5,5,5,5,5,5,5,5,5,4,4,5,5,5,5,5,3,3,2,3,5,2,3,1,2,4,5,3,4,4,5,4,2,4,5,5,"Stephen",1,3,5,2,4,4,3,4,3,5,1,3,4,4,3,1,5
27,5,3,4,5,5,3,5,5,5,3,4,4,5,2,0,3,5,0,3,3,4,1,4,3,2,4,5,2,5,4,5,4,2,4,4,2,"Stephen",1,4,4,2,5,5,5,5,4,6,5,4,2,2,2,3,4
28,5,3,4,3,3,4,3,3,5,5,5,4,3,4,5,4,5,1,4,1,4,1,3,2,4,5,5,1,4,1,5,1,4,1,3,5,"Kerry",1,1,4,2,5,2,3,4,3,5,3,3,4,4,3,2,4
29,5,5,4,5,5,5,5,5,5,5,5,5,5,5,5,5,3,5,3,5,2,4,2,4,4,3,5,2,5,4,5,2,5,1,5,5,"Olive",1,2,4,5,5,5,5,2,4,4,2,4,5,5,4,5,5
30,5,4,4,2,3,3,3,2,4,3,3,2,3,3,2,2,4,2,5,3,5,1,3,4,4,4,4,2,5,4,5,1,3,4,4,4,"Kerry",1,1,5,1,4,1,4,1,2,5,1,4,5,5,4,2,5
31,4,2,4,NA,NA,NA,NA,NA,NA,NA,NA,NA,NA,NA,NA,NA,NA,NA,NA,NA,NA,NA,NA,NA,NA,NA,NA,NA,NA,NA,NA,NA,NA,NA,NA,NA,"Olive",NA,NA,NA,NA,NA,NA,NA,NA,NA,NA,NA,NA,NA,NA,NA,NA,NA
32,3,4,3,3,4,4,4,4,3,3,3,3,3,3,3,3,4,0,4,3,5,1,3,1,3,5,5,1,5,4,4,0,3,1,3,5,"Kerry",1,1,5,5,5,5,5,5,5,5,5,5,5,5,5,4,5
33,4,4,4,4,4,3,3,3,4,3,2,2,2,3,2,2,3,2,3,2,4,2,2,2,3,2,5,2,5,4,5,0,2,4,2,5,"Olive",1,2,4,1,5,1,4,3,4,5,3,3,4,5,5,5,4
34,5,1,2,1,3,3,3,3,4,5,4,5,4,3,3,3,5,4,3,5,5,5,3,3,3,3,5,4,5,5,5,2,3,4,5,5,"Olive",NA,NA,NA,NA,NA,NA,NA,NA,NA,NA,NA,NA,NA,NA,NA,NA,NA
35,4,4,3,5,4,4,3,3,5,4,5,5,5,5,4,2,3,3,3,3,3,3,4,2,5,2,5,5,5,5,5,0,2,2,5,1,"Olive",NA,NA,NA,NA,NA,NA,NA,NA,NA,NA,NA,NA,NA,NA,NA,NA,NA
36,5,5,5,5,5,5,5,2,1,1,1,1,1,5,1,1,0,5,0,5,4,5,1,1,5,1,2,3,4,5,5,2,1,5,5,1,"Elisa",1,2,5,5,3,3,4,5,2,5,1,5,5,4,5,3,5
37,NA,NA,NA,NA,NA,NA,NA,NA,NA,NA,NA,NA,NA,NA,NA,NA,NA,NA,NA,NA,NA,NA,NA,NA,NA,NA,NA,NA,NA,NA,NA,NA,NA,NA,NA,NA,"Olive",2,2,4,1,4,2,4,2,2,4,2,4,3,4,4,4,4
38,3,3,3,2,2,3,1,2,4,4,4,3,2,2,1,2,3,4,3,5,5,2,2,2,2,3,5,3,5,5,5,2,3,4,4,5,"Olive",2,5,5,5,2,5,3,4,3,4,2,5,3,5,4,2,5
39,3,4,3,2,3,3,3,2,2,2,2,2,3,2,2,2,2,3,4,2,4,2,4,1,0,5,5,2,4,1,5,3,4,2,1,5,"Kerry",1,1,5,1,5,1,5,1,2,5,1,5,5,5,5,3,4
40,4,4,3,4,4,4,3,4,2,4,NA,3,3,3,3,3,4,2,4,2,4,2,NA,3,3,3,4,2,4,NA,4,0,2,3,3,4,"Olive",2,3,4,2,4,2,5,4,3,4,3,2,3,2,2,3,4
41,5,5,5,5,5,5,5,5,1,1,1,1,2,1,1,1,5,0,5,3,5,0,4,0,0,5,5,0,5,5,5,0,5,3,2,5,"Elisa ",1,2,5,2,5,4,3,1,1,5,1,3,4,4,3,3,4
42,2,4,2,2,2,4,0,0,2,1,0,0,0,4,0,0,3,3,5,2,1,5,1,4,4,0,1,4,3,4,1,4,2,2,4,5,"Olive",NA,NA,NA,NA,NA,NA,NA,NA,NA,NA,NA,NA,NA,NA,NA,NA,NA
43,5,5,5,5,5,5,5,5,5,5,5,5,5,5,5,5,1,1,5,5,5,5,5,5,5,5,5,3,3,5,5,4,5,0,0,5,"Olive",2,1,5,2,1,3,5,1,2,5,1,5,5,3,2,2,5
44,4,1,4,4,4,4,3,3,1,1,3,1,3,0,2,2,3,0,5,1,3,0,3,1,3,1,2,3,3,4,4,3,3,3,5,1,"Elisa",1,4,5,5,3,4,5,5,1,5,1,5,3,4,4,1,5
45,3,4,4,4,4,4,4,4,2,3,2,2,2,3,2,2,4,2,5,2,4,2,3,2,4,2,5,2,4,2,4,1,4,2,2,5,"Stephen",1,3,4,2,4,3,4,3,1,5,3,4,4,5,3,2,5
46,4,3,4,4,4,4,3,4,3,2,3,2,2,3,2,2,2,3,2,2,3,1,2,2,3,2,2,3,2,2,2,3,3,3,3,3,"Olive",NA,NA,NA,NA,NA,NA,NA,NA,NA,NA,NA,NA,NA,NA,NA,NA,NA
47,5,5,5,5,4,5,3,3,2,2,2,1,1,5,2,3,5,2,5,2,3,1,3,1,1,5,5,2,5,4,4,1,2,1,3,2,"Olive",NA,NA,NA,NA,NA,NA,NA,NA,NA,NA,NA,NA,NA,NA,NA,NA,NA
48,5,5,5,4,5,5,4,5,5,4,5,5,5,4,3,3,5,2,5,2,5,1,5,2,2,5,5,5,5,5,5,3,5,5,5,4,"Kerry",NA,NA,NA,NA,NA,NA,NA,NA,NA,NA,NA,NA,NA,NA,NA,NA,NA
50,4,4,3,5,5,5,4,1,1,2,2,2,2,3,2,2,3,1,4,4,4,1,3,3,3,4,4,1,4,4,4,1,2,4,3,4,"Stephen",1,3,4,3,4,4,4,4,2,4,2,4,4,4,4,5,4
51,4,4,3,4,4,4,3,4,3,3,2,4,3,3,2,3,3,3,4,4,4,3,4,3,3,3,4,2,5,4,4,1,3,3,3,3,"Kerry",2,4,5,1,5,4,4,4,2,5,1,5,5,4,4,3,5
52,3,3,4,3,3,3,3,3,3,5,5,3,3,NA,NA,NA,NA,NA,NA,NA,NA,NA,NA,NA,NA,NA,NA,NA,NA,NA,NA,NA,NA,NA,NA,NA,"Elisa",1,4,5,2,4,4,5,5,1,5,1,5,5,5,4,4,3
53,5,3,5,5,5,4,4,4,3,2,2,2,2,3,3,3,3,NA,NA,NA,NA,NA,NA,NA,2,2,4,4,3,5,5,2,2,2,4,5,"Elisa",3,1,2,1,5,2,4,5,4,3,2,3,4,5,4,4,4
54,5,5,5,5,5,5,5,5,5,4,4,3,3,3,2,3,2,2,2,2,2,1,2,3,3,3,3,5,5,5,5,5,2,5,5,1,"Olive",3,3,3,3,3,3,3,3,3,3,3,3,3,3,3,3,3
55,3,3,5,5,5,5,5,4,4,3,4,4,4,5,5,5,5,0,3,0,5,0,3,0,3,5,5,NA,5,5,5,0,5,5,4,5,"Kerry",1,1,4,1,5,1,4,1,4,5,1,4,4,5,4,3,4
58,5,5,4,5,5,5,5,5,5,5,5,5,5,4,5,5,5,2,5,4,5,2,2,3,3,5,5,3,5,4,5,0,1,5,4,5,"Elisa",1,4,5,4,4,5,4,4,2,5,1,4,3,3,2,3,4
59,5,5,4,4,5,5,5,5,4,3,3,2,3,5,3,4,4,3,3,4,5,2,3,3,4,5,5,3,5,5,5,2,3,3,3,3,"Elisa",2,4,4,3,4,4,4,4,3,4,4,4,4,5,5,5,5
60,4,4,4,5,5,5,5,5,4,3,4,3,3,3,3,3,4,2,3,3,4,2,3,3,2,3,5,4,4,5,5,2,3,4,4,4,"Elisa",NA,NA,NA,NA,NA,NA,NA,NA,NA,NA,NA,NA,NA,NA,NA,NA,NA
61,NA,NA,NA,NA,NA,NA,NA,NA,NA,NA,NA,NA,NA,NA,NA,NA,NA,NA,NA,NA,NA,NA,NA,NA,NA,NA,NA,NA,NA,NA,NA,NA,NA,NA,NA,NA,"Elisa",1,2,2,1,5,1,3,4,3,2,3,4,2,4,4,2,4
62,3,5,3,5,5,5,4,4,3,4,3,2,3,4,3,2,4,1,4,1,3,2,2,2,2,3,5,3,5,5,5,4,4,4,4,4,"Stephen",1,3,4,3,2,3,4,4,2,5,1,3,4,3,4,3,3
63,5,4,2,3,4,2,3,1,0,2,4,0,0,2,0,0,4,0,5,1,0,0,0,0,0,0,5,5,3,4,2,5,4,5,5,3,"Stephen",1,2,4,2,5,2,4,2,2,4,2,3,2,4,3,4,3
64,NA,NA,NA,NA,NA,NA,NA,NA,NA,NA,NA,NA,NA,NA,NA,NA,NA,NA,NA,NA,NA,NA,NA,NA,NA,NA,NA,NA,NA,NA,NA,NA,NA,NA,NA,NA,NA,1,3,5,1,5,3,5,1,1,5,1,4,5,3,2,2,5
65,NA,NA,NA,NA,NA,NA,NA,NA,NA,NA,NA,NA,NA,NA,NA,NA,NA,NA,NA,NA,NA,NA,NA,NA,NA,NA,NA,NA,NA,NA,NA,NA,NA,NA,NA,NA,"Elisa",2,1,4,1,5,2,4,2,5,4,1,5,5,5,5,3,5
66,5,4,5,5,5,5,4.5,4,5,4,3,3,3,4,3,3,4,2,5,2,4,0,3,2,2,1,2,5,5,5,5,0,2,5,5,0,"Stephen",1,4,5,1,5,3,4,4,1,5,1,5,5,1,3,1,5
67,2,4,4,4,4,4,4,4,5,2,4,3,4,3,1,3,3,2,3,NA,3,2,3,2,3,3,3,2,4,4,4,0,3,2,3,3,"Kerry",5,2,3,4,1,4,4,5,4,3,2,3,5,5,5,5,4
68,NA,NA,NA,NA,NA,NA,NA,NA,NA,NA,NA,NA,NA,NA,NA,NA,NA,NA,NA,NA,NA,NA,NA,NA,NA,NA,NA,NA,NA,NA,NA,NA,NA,NA,NA,NA,"Kerry",1,2,4,1,4,3,3,4,2,4,2,4,2,2,2,3,2
70,3,3,2,4,4,3,3,5,5,3,4,2,2,3,4,5,5,1,5,1,5,2,4,3,3,4,4,3,5,1,1,0,5,3,3,2,"Elisa",1,4,5,3,4,5,4,2,2,5,3,4,5,4,3,4,4
72,5,5,5,3,5,3,2,2,3,3,5,4,3,3,2,3,5,3,3,1,3,2,2,3,4,3,3,5,5,3,2,2,3,4,3,3,"Kerry",2,1,4,2,4,1,4,3,2,4,3,4,5,4,4,5,5
73,5,4,4,4,5,4,2,3,3,2,2,2,4,4,2,2,4,2,4,3,4,2,4,4,3,4,5,3,5,4,4,0,4,3,4,4,"Elisa",2,4,4,3,3,4,3,2,2,5,2,4,4,4,2,3,4
74,4,4,4,5,4,5,5,5,3,4,3,3,4,4,5,4,3,2,4,3,4,3,2,4,4,3,3,4,4,4,4,4,3,5,4,2,"Kerry",2,1,4,2,5,4,3,4,3,5,3,4,2,1,1,1,5
75,5,5,5,5,5,5,5,5,5,4,4,5,5,5,5,5,5,1,1,2,2,0,2,0,2,0,2,0,0,0,0,1,2,0,0,0,"Elisa",3,1,4,1,5,1,5,1,4,2,3,5,4,4,4,4,4
76,NA,NA,NA,NA,NA,NA,NA,NA,NA,NA,NA,NA,NA,NA,NA,NA,NA,NA,NA,NA,NA,NA,NA,NA,NA,NA,NA,NA,NA,NA,NA,NA,NA,NA,NA,NA,"Olive",1,5,2,5,1,5,5,2,2,5,1,3,5,1,2,1,5
77,NA,NA,NA,NA,NA,NA,NA,NA,NA,NA,NA,NA,NA,NA,NA,NA,NA,NA,NA,NA,NA,NA,NA,NA,NA,NA,NA,NA,NA,NA,NA,NA,NA,NA,NA,NA,"Kerry",1,1,4,1,5,2,4,4,2,4,1,4,4,4,4,5,4
78,4,4,4,4,5,5,4,4,3,3,4,3,3,3,2,3,3,2,3,3,4,2,3,2,2,2,3,2,3,3,5,3,3,3,3,3,"Kerry",1,2,3,1,4,3,5,4,3,5,2,4,5,2,4,5,2
79,5,5,4,5,5,5,5,4,3,2,3,1,2,2,3,2,5,0,5,3,3,0,5,3,4,5,5,3,5,5,5,1,2,3,2,5,"Stephen",1,2,5,1,4,4,5,5,2,5,5,5,5,5,5,4,5
81,4,4,4,4,4,4,4,4,3,4,3,3,3,3,3,2,4,1,4,2,3,1,2,2,2,4,4,2,5,2,4,1,3,3,2,5,"Elisa ",2,1,4,1,4,4,3,4,3,5,2,5,5,5,5,5,5
82,3,3,4,4,4,4,4,3,4,5,5,4,4,5,3,3,NA,NA,NA,NA,NA,NA,NA,NA,NA,NA,NA,NA,NA,NA,NA,NA,NA,NA,NA,NA,"Elisa",2,1,4,1,5,1,3,2,2,5,1,5,5,4,4,4,5
83,4,5,5,5,5,5,4,5,2,2,1,2,3,5,2,4,5,0,3,5,5,0,4,4,4,3,5,2,0,5,3,0,3,5,5,5,"Olive",2,1,4,1,5,1,5,2,3,4,2,5,5,4,4,5,5
84,3,4,4,4,4,5,5,3,3,2,3,2,3,4,3,3,2,2,3,3,4,1,3,1,1,2,4,2,3,4,4,3,5,2,1,4,"Olive",NA,NA,NA,NA,NA,NA,NA,NA,NA,NA,NA,NA,NA,NA,NA,NA,NA
85,5,5,5,5,5,5,3,5,3,4,NA,3,2,4,4,1,4,1,5,5,5,5,5,3,4,2,1,5,2.5,5,4,5,4,4.5,5,0,"Stephen",1,3,2,2,4,3,4,5,5,5,1,5,5,4,3,4,4
86,5,5,4,3,3,5,5,5,3,2,5,0,3,4,2,2,1,4,3,5,2,4,5,3,2,0,1,3,5,4,4,3,4,2,3,2,"Kerry",2,1,4,1,5,4,2,4,4,5,5,4,5,5,4,4,4
87,5,4,3,4,5,5,4,3,2,1,1,2,4,4,2,2,5,1,5,3,5,0,NA,0,3,5,5,2,4,3,5,0,5,0,4,5,"Kerry",1,1,5,2,5,2,4,2,2,5,3,4,5,5,5,5,5
88,4,4,4,4,5,5,5,4,4,3,3,2,2,4,2,2,2,2,4,4,4,4,4,2,4,4,3,2,3,5,4,1,3,3,3,4,"Stephen",1,2,3,3,3,3,4,2,3,4,3,3,3,2,2,1,2
89,4,4,1,3,4,5,2,4,0,0,0,0,4,4,0,0,5,0,5,4,5,3,3,4,3,3,3,0,5,4,4,0,1,5,4,4,"Kerry",1,1,4,2,5,1,5,1,2,5,1,5,5,4,2,5,5
90,4,4,4,5,5,5,5,5,3,4,2,2,0,3,0,0,5,0,4,3,5,0,5,1,0,5,5,0,5,1,5,0,0,2,1,5,"Olive",2,4,5,2,4,4,4,3,3,4,2,4,5,4,4,4,5
91,5,5,5,5,5,5,5,5,4,4,5,4,3,4,4,4,2,3,2,4,4,4,4,3,3,5,5,4,5,5,5,4,5,5,5,3,"Olive",NA,NA,NA,NA,NA,NA,NA,NA,NA,NA,NA,NA,NA,NA,NA,NA,NA
92,5,5,NA,5,5,5,5,5,5,5,5,5,5,5,5,5,3,2,5,5,5,4,4,5,5,2,5,2,5,3,5,2,5,5,4,3,"Olive",NA,NA,NA,NA,NA,NA,NA,NA,NA,NA,NA,NA,NA,NA,NA,NA,NA
93,5,5,5,5,5,5,4,5,2,2,2,2,2,2,2,2,4,2,3,2,2,1,1,1,1,4,2,5,2,4,2,4,1,4,5,2,"Olive",2,2,4,2,4,4,4,5,2,4,4,3,2,2,2,4,2
94,4,4,3,3,3,5,5,3,2,2,2,0,4,5,0,0,4,3,4,5,5,3,3,5,5,0,5,2,5,NA,5,0,4,4,5,5,"Olive",NA,NA,NA,NA,NA,NA,NA,NA,NA,NA,NA,NA,NA,NA,NA,NA,NA
95,5,5,5,5,5,5,5,5,5,5,5,5,5,5,5,5,5,2,5,2,5,1,2,2,2,4,5,4,4,5,5,4,5,2,5,4,"Olive",2,1,2,1,5,1,4,2,1,5,2,4,5,4,4,4,4
97,5,4,5,5,5,3,4,4,4,5,5,4,5,5,4,5,1,5,4,3,3,3,4,4,3,4,5,3,5,5,5,5,5,3,4,5,"Kerry",1,1,5,1,5,2,4,3,4,5,1,4,5,4,3,3,4
98,2,3,2,4,4,4,4,4,2,2,2,2,2,2,2,2,5,2,5,4,5,2,5,2,2,5,5,4,5,5,5,1,5,3,3,5,"Kerry",1,1,5,1,5,3,4,4,2,2,2,4,4,5,5,4,5
99,4,4,4,4,4,4,4,4,4,4,4,4,4,4,4,4,4,2,4,4,4,4,4,3,4,4,5,2,5,5,5,0,5,3,4,5,"Kerry",1,1,5,3,5,2,4,2,4,5,4,5,5,5,5,5,5
100,4,3,3,2,4,4,2,1,2,3,1,0,2,3,2,0,3,0,4,3,4,0,4,1,3,3,3,3,3,5,2,4,1,2,5,3,"Olive",NA,NA,NA,NA,NA,NA,NA,NA,NA,NA,NA,NA,NA,NA,NA,NA,NA
102,4,4,4,3,3,3,4,4,5,4,3,3,3,3,3,2,3,2,4,3,3,2,2,1,2,3,5,1,5,3,5,0,1,3,3,3,"Olive",NA,NA,NA,NA,NA,NA,NA,NA,NA,NA,NA,NA,NA,NA,NA,NA,NA
103,5,5,5,5,5,5,5,5,5,5,5,5,5,5,5,5,4,1,5,2,5,1,1,3,5,5,5,5,5,5,5,4,3,2,5,5,"Stephen",1,3,5,1,5,1,5,4,1,5,1,5,5,5,5,5,5
104,5,4,4,1,2,3,3,4,4,4,5,5,0,1,1,2,3,3,5,5,5,5,4,1,1,3,4,4,4,4,4,4,4,4,4,4,"Kerry",2,1,4,1,5,1,4,4,4,3,1,4,5,4,3,3,3
105,5,4,4,5,5,5,4,5,5,4,4,5,5,5,4,5,3,2,4,4,4,3,3,2,4,3,5,1,5,4,5,1,4,4,4,4,"Elisa",1,3,4,2,5,4,5,3,2,4,NA,5,4,5,4,5,5
106,5,4,4,4,4,5,4,4,3,3,3,2,4,5,2,2,3,0,4,1,3,0,3,1,1,5,5,1,5,3,4,0,3,3,3,5,"Kerry",4,3,4,2,5,3,4,5,4,5,2,3,3,5,4,4,4
107,3,4,2,4,3,5,2,3,4,5,2,5,3,5,4,5,5,2,5,3,5,2,4,1,2,5,5,2,5,3,4,0,3,2,4,5,"Olive",2,2,4,1,5,2,4,3,2,4,2,4,3,4,4,3,3
108,5,5,4,4,3,4,5,4,1,3,5,3,1,3,3,3,2,2,3,3,5,0,1,3,3,4,5,1,5,3,5,0,3,3,3,4,"Kerry",2,4,4,4,2,4,4,5,5,4,4,5,5,5,5,2,5
109,4,5,3,3,5,5,5,5,4,4,3,2,4,4,0,0,4,0,5,4,5,0,2,3,4,3,5,1,5,5,5,0,4,0,5,5,"Kerry",2,4,5,4,4,5,5,2,2,5,5,5,4,4,4,4,4
110,3,1,1,3,3,3,4,3,2,1,1,2,3,3,2,2,4,1,2,4,4,2,2,3,2,4,4,5,2,5,4,5,2,5,5,1,"Kerry",2,4,4,4,3,1,4,5,1,5,1,5,4,5,4,5,5
111,3,3,3,4,4,4,3,3,4,5,4,1,2,4,1,3,4,1,4,1,4,0,3,0,3,5,5,0,5,2,4,0,3,1,2,5,"Olive",NA,NA,NA,NA,NA,NA,NA,NA,NA,NA,NA,NA,NA,NA,NA,NA,NA
112,4,5,4,5,5,5,5,4,4,3,2,2,3,3,2,2,4,2,3,2,4,1,4,2,3,3,4,3,5,4,4,4,3,2,3,3,"Stephen",2,3,4,3,5,4,3,4,2,5,2,3,2,5,4,5,5
113,4,3,4,5,4,4,4,5,1,1,0,0,3,3,2,3,4,3,1,0,3,0,3,1,1,4,4,4,1,2,2,0,2,4,1,2,"Elisa",3,4,4,3,4,4,3,2,1,5,1,4,5,5,5,4,4
114,5,4,4,5,5,5,4,5,4,3,2,2,3,3,2,3,4,1,5,4,4,3,4,3,3,2,5,4,5,4,4,0,3,5,4,1,"Elisa",NA,NA,NA,NA,NA,NA,NA,NA,NA,NA,NA,NA,NA,NA,NA,NA,NA
115,4,4,4,5,4,4,4,4,3,3,4,4,3,3,3,4,5,1,5,2,5,2,4,1,2,4,5,1,5,1,5,1,4,2,2,5,"Kerry",2,4,5,2,5,4,4,4,2,4,1,4,4,2,3,2,5
116,5,5,4,3,4,5,4,4,2,2,2,2,2,3,2,2,2,5,2,5,NA,5,2,2,5,0,1,5,4,5,4,5,5,0,4,3,"Olive",2,5,4,5,2,3,4,4,4,4,2,5,4,4,3,2,2
117,4,2,3,2,2,2,3,3,4,4,4,5,5,5,4,4,4,4,4,5,4,3,5,1,1,5,5,4,5,5,5,0,5,0,3,5,"Stephen",2,2,4,4,5,4,5,5,2,5,1,5,4,2,2,4,5
118,4,4,3,3,4,4,3,3,4,3,4,3,3,4,3,3,5,0,5,1,4,0,3,1,1,5,5,0,5,0,5,0,4,3,2,5,"Kerry",4,1,4,1,5,1,5,3,2,4,2,4,3,4,4,5,5
119,5,5,5,5,5,4,4,5,4,4,5,4,5,4,3,2,5,1,5,2,5,1,5,0,1,4,4,2,5,3,4,0,3,3,3,4,"Olive",2,2,4,1,4,2,5,4,2,4,2,3,2,5,4,4,4
120,4,4,5,5,5,5,5,5,1,4,5,5,5,5,5,4,5,1,5,5,4,0,2,4,4,3,5,3,5,5,5,0,4,4,3,3,"Elisa",3,1,4,1,5,1,4,4,5,4,4,4,4,5,5,4,4
122,5,4,5,5,5,5,5,5,4,4,3,5,5,5,4,3,5,1,4,4,5,2,5,3,3,NA,5,2,5,4,5,0,5,1,1,5,"Stephen",2,3,4,3,4,4,4,5,1,5,4,4,4,4,4,4,4
124,5,4,5,4,5,5,5,5,5,3,3,2,5,4,4,3,4,3,5,5,5,3,5,1,5,5,5,2,5,5,5,2,5,2,3,5,"Elisa",3,2,3,2,5,2,4,4,3,4,2,4,4,5,5,4,4
127,4,5,4,4,5,5,4,4,3,5,4,5,4,4,2,4,3,0,5,2,5,0,4,4,2,4,5,0,5,4,5,0,5,3,2,5,"Elisa",3,4,3,4,4,4,4,4,5,5,1,4,4,5,4,5,5
128,5,5,5,5,5,5,5,5,3,4,1,3,2,3,1,2,4,1,2,3,5,1,3,1,3,3,5,2,5,3,5,0,3,2,4,4,"Elisa",3,2,4,2,5,3,4,2,3,4,4,3,5,5,4,3,3
130,4,4,5,5,5,5,4,4,0,1,1,1,1,1,1,1,4,0,5,0,4,0,1,0,1,4,5,0,5,3,1,0,3,1,1,5,"Stephen",2,3,4,3,5,2,5,4,3,2,4,3,2,3,4,5,4
132,5,5,5,5,5,5,5,5,3,5,4,5,5,5,5,5,5,0,5,1,4,3,4,1,1,5,5,0,5,3,4,0,5,0,3,5,"Kerry",4,1,5,1,5,1,5,1,4,4,1,5,5,5,5,5,5
133,5,5,5,3,4,4,5,3,4,4,4,4,4,5,5,4,4,1,4,1,5,1,4,3,2,4,5,2,4,2,5,0,3,4,3,5,"Kerry",4,1,4,2,5,2,4,5,5,4,1,5,5,4,4,4,5
137,5,5,5,5,5,5,5,5,5,5,5,4,5,5,4,5,4,0,4,1,4,1,3,4,3,4,5,0,5,4,5,0,5,1,1,5,"Olive",2,2,4,2,4,2,3,4,3,4,1,5,2,4,4,3,3
138,5,5,5,5,5,5,5,4,5,4,4,4,5,5,4,4,3,4,5,5,4,5,4,5,5,5,5,5,5,5,5,0,5,2,5,5,"Kerry",1,1,5,2,4,2,5,1,2,5,2,5,4,4,4,4,4
139,NA,NA,NA,NA,NA,NA,NA,NA,NA,NA,NA,NA,NA,NA,NA,NA,NA,NA,NA,NA,NA,NA,NA,NA,NA,NA,NA,NA,NA,NA,NA,NA,NA,NA,NA,NA,"Stephen",1,2,4,2,4,2,4,4,2,5,2,5,4,4,4,3,4
140,3,2,4,4,4,4,3,3,3,4,3,3,2,3,2,1,5,2,5,1,4,1,4,2,2,5,5,2,5,4,5,0,4,3,3,5,"Stephen",1,4,4,4,4,3,4,4,3,4,1,4,5,5,5,5,5
141,4,4,4,4,3,4,4,4,3,2,2,2,2,3,2,3,3,2,3,3,3,2,3,4,2,3,2,4,3,3,3,1,2,4,3,2,"Elisa",2,4,4,4,3,4,4,4,3,4,2,4,4,5,4,4,4
142,5,4,4,5,5,5,3,3,1,1,3,1,4,3,1,3,4,1,3,3,4,0,5,1,2,5,4,4,4,5,5,4,3,4,4,3,"Kerry",4,2,4,2,3,4,4,4,2,4,4,4,4,3,3,1,4
143,5,5,4,4,4,4,4,2,5,4,4,2,2,4,2,2,2,4,4,4,4,4,4,3,5,3,2,4,4,5,4,5,4,3,5,2,"Elisa",NA,NA,NA,NA,NA,NA,NA,NA,NA,NA,NA,NA,NA,NA,NA,NA,NA
144,4,4,4,4,4,4,4,4,4,4,4,4,4,4,3,3,3,1,3,1,3,2,4,2,3,4,5,2,5,3,4,0,3,2,3,5,"Stephen",1,3,4,3,2,2,5,1,1,5,1,5,5,3,4,5,3
145,2,3,3,3,4,4,3,4,3,4,3,4,4,4,4,3,3,2,3,2,3,3,2,3,2,3,2,2,3,4,4,5,5,3,4,4,"Olive",NA,NA,NA,NA,NA,NA,NA,NA,NA,NA,NA,NA,NA,NA,NA,NA,NA
146,4,4,4,3,4,4,4,2,3,3,4,4,4,5,3,1,5,1,5,4,5,4,4,2,2,5,5,2,5,5,5,1,5,1,3,5,"Elisa",1,5,5,4,4,5,2,5,5,4,2,5,4,5,5,3,5
147,4,4,4,4,5,5,4,3,3,2,2,2,3,3,2,1,3,2,4,3,4,2,3,3,4,3,2,4,4,4,4,0,1,4,4,2,"Stephen",1,3,4,2,4,3,4,4,3,4,1,4,3,4,4,4,4
148,NA,NA,NA,NA,NA,NA,NA,NA,NA,NA,NA,NA,NA,NA,NA,NA,NA,NA,NA,NA,NA,NA,NA,NA,NA,NA,NA,NA,NA,NA,NA,NA,NA,NA,NA,NA,"Elisa",2,1,5,1,5,1,4,4,5,4,2,2,4,4,4,2,4
149,2,3,2,5,2,4,2,2,2,2,2,2,2,2,2,2,3,1,4,4,3,2,4,4,4,3,3,4,2,5,5,5,3,5,5,4,"Kerry",1,1,4,2,1,1,3,5,4,5,4,5,4,4,4,5,4
150,5,5,4,4,5,3,5,5,4,2,2,2,3,3,2,4,3,2,2,4,3,2,1,3,3,1,5,3,4,5,5,3,4,3,3,3,"Stephen",1,2,5,3,4,2,4,3,4,5,1,4,5,5,5,3,5
151,4,3,4,5,3,4,3,4,5,4,4,4,4,4,4,4,4,1,3,2,4,0,4,0,1,4,2,4,2,5,5,3,3,3,5,3,"Stephen",1,2,4,5,5,5,4,4,4,4,3,4,4,5,5,5,5
152,5,5,5,5,5,5,5,4,5,5,4,5,5,4,3,3,4,0,5,4,4,0,1,1,1,4,4,5,5,5,5,0,1,4,5,4,"Elisa ",1,1,4,2,1,2,4,1,1,5,1,4,5,4,5,3,5
153,0,5,0,3,5,5,5,0,0,3,3,0,5,5,5,0,5,0,5,0,5,0,0,0,2,3,5,0,5,5,5,4,4,2,0,5,"Kerry",2,1,4,2,4,4,4,2,2,4,2,5,4,4,3,3,3
154,4,4,4,3,4,4,4,3,2,2,1,0,1,1,0,0,4,0,4,0,0,0,4,2,3,4,5,0,5,1,2,0,4,2,3,5,"Olive",2,4,5,2,4,4,5,5,3,3,1,5,4,5,4,3,4
156,3,3,2,5,5,5,2,5,5,2,3,3,2,3,1,3,1,3,2,2,4,1,3,2,2,2,3,1,4,4,5,1,3,1,1,3,"Stephen",1,4,4,3,3,4,4,4,5,4,4,3,5,4,2,4,2
158,4,3,4,5,5,4,5,5,4,1,2,3,3,3,2,4,5,0,4,3,4,1,3,2,2,4,5,0,5,4,3,3,4,4,3,5,"Elisa",1,4,5,2,4,1,4,4,4,5,4,5,5,5,5,4,5
159,4,4,4,4,5,3,3,4,4,4,4,4,4,3,3,5,3,2,5,4,5,2,4,1,2,5,4,4,5,4,5,2,5,2,4,5,"Elisa",3,2,5,2,4,3,4,5,5,4,2,5,5,5,5,4,5
162,1,3,1,2,1,1,1,1,5,4,2,3,1,5,1,1,5,1,5,1,5,1,5,2,4,5,5,2,5,3,4,1,5,1,3,5,"Kerry",1,1,4,2,2,4,4,4,2,5,1,4,4,4,4,5,5
163,5,3,4,4,5,5,4,5,4,3,5,3,5,5,3,4,4,2,4,2,4,1,5,4,3,4,4,2,5,5,5,0,5,5,5,3,"Stephen",1,2,3,4,2,3,3,2,2,5,5,3,5,4,5,5,5
164,4,3,4,5,5,5,4,4,3,1,1,2,4,4,2,2,3,0,3,3,4,3,5,3,3,4,5,1,5,1,4,0,4,0,3,5,"Elisa ",1,2,5,2,5,3,3,1,2,4,3,4,4,4,4,4,4
165,NA,NA,NA,NA,NA,NA,NA,NA,NA,NA,NA,NA,NA,NA,NA,NA,NA,NA,NA,NA,NA,NA,NA,NA,NA,NA,NA,NA,NA,NA,NA,NA,NA,NA,NA,NA,"Stephen",1,4,4,3,4,4,5,4,3,5,3,4,4,4,3,4,5
166,NA,NA,NA,NA,NA,NA,NA,NA,NA,NA,NA,NA,NA,NA,NA,NA,NA,NA,NA,NA,NA,NA,NA,NA,NA,NA,NA,NA,NA,NA,NA,NA,NA,NA,NA,NA,"Elisa",2,3,3,2,2,2,4,3,2,4,1,4,3,3,2,4,4
167,NA,NA,NA,NA,NA,NA,NA,NA,NA,NA,NA,NA,NA,NA,NA,NA,NA,NA,NA,NA,NA,NA,NA,NA,NA,NA,NA,NA,NA,NA,NA,NA,NA,NA,NA,NA,"Kerry",NA,NA,NA,NA,NA,NA,NA,NA,NA,NA,NA,NA,NA,NA,NA,NA,NA
168,5,5,5,5,5,5,5,5,5,5,5,5,5,5,5,5,5,0,5,4,5,0,5,5,5,4,5,1,0,5,5,1,5,5,5,5,"Kerry",5,1,2,2,4,1,4,1,5,2,2,4,4,4,4,4,4
169,4,4,4,4,3,4,3,3,3,3,3,3,4,4,3,4,4,2,4,2,4,2,4,2,2,4,5,3,5,4,4,2,4,4,4,4,"Elisa",1,4,5,5,4,5,4,4,5,5,1,5,5,5,5,4,5
170,2,5,3,5,5,5,5,5,2,3,3,3,3,3,3,3,5,0,5,4,5,1,5,3,4,4,5,5,5,4,5,0,2,5,5,3,"Olive",2,1,5,2,5,2,4,6,1,5,1,5,4,3,3,4,5
171,5,4,3,4,5,5,4,5,2,2,1,3,3,4,0,4,5,0,5,2,3,2,4,1,5,4,5,2,5,5,5,1,4,4,5,3,"Elisa",1,5,5,5,3,5,4,4,3,4,2,5,5,4,3,3,5
172,3,3,2,3,3,4,4,4,2,3,3,4,4,4,5,5,5,5,3,3,2,3,2,2,2,3,5,1,5,1,5,1,5,5,1,5,"Olive",NA,NA,NA,NA,NA,NA,NA,NA,NA,NA,NA,NA,NA,NA,NA,NA,NA
173,5,4,4,5,5,5,5,5,3,2,2,2,5,5,5,5,5,5,5,0,0,0,0,0,3,3,5,0,5,5,5,2,3,5,5,3,"Kerry",1,1,3,1,5,1,3,2,1,5,3,3,4,4,4,4,4
174,5,5,4,3,4,4,4,3,3,3,3,2,2,3,1,1,2,2,3,2,3,2,1,3,3,3,5,3,5,1,5,0,2,3,3,5,"Kerry",NA,NA,NA,NA,NA,NA,NA,NA,NA,NA,NA,NA,NA,NA,NA,NA,NA
175,5,5,4,5,5,5,5,5,4,4,4,4,4,4,4,4,4,1,5,2,5,2,4,2,2,5,5,1,5,2,5,1,5,4,4,4,"Stephen",1,3,4,4,5,3,4,4,4,4,3,4,4,5,4,4,2
176,3,3,4,2,4,4,3,1,2,2,1,1,4,4,1,1,3,2,4,3,4,2,2,3,4,4,5,3,5,4,5,4,5,0,3,5,"Elisa",1,4,4,1,5,4,5,4,1,5,1,5,4,2,2,1,5
177,5,4,5,5,5,4,4,3,3,2,2,2,2,2,1,1,2,1,2,1,2,3,1,4,4,2,3,1,5,1,5,1,4,3,4,5,"",2,2,4,4,5,2,4,3,4,5,1,5,5,4,4,3,5
178,5,5,5,4,5,5,5,5,5,4,4,4,4,5,4,4,4,3,4,3,5,3,2,4,3,2,4,5,3,5,5,5,2,5,5,2,"Kerry",4,5,5,5,2,5,5,3,4,2,2,4,5,5,5,4,5
179,5,5,5,5,5,3,5,5,5,2,3,0,0,0,1,0,4,0,5,1,5,0,5,0,3,5,5,5,5,5,5,5,2,4,5,5,"Elisa",2,3,4,4,2,5,3,2,1,3,1,5,5,5,5,2,5
180,4,4,1,1,4,4,2,1,3,2,2,2,2,3,1,2,4,1,4,3,3,2,2,3,3,2,3,2,3,4,3,3,3,3,3,3,"Kerry",1,1,5,1,5,1,3,1,5,5,5,5,5,4,5,5,5
181,5,5,5,5,5,5,5,5,2,5,1,5,5,5,5,5,4,1,4,2,4,3,4,3,4,3,5,1,5,2,5,3,4,3,4,3,"Kerry",2,1,5,2,5,3,3,2,4,5,5,4,5,4,2,5,5
182,4,3,3,3,3,4,2,4,3,2,4,2,3,3,1,5,3,2,3,3,3,2,2,1,4,3,3,3,2,3,2,3,2,3,5,2,"Olive",NA,NA,NA,NA,NA,NA,NA,NA,NA,NA,NA,NA,NA,NA,NA,NA,NA
183,NA,NA,NA,NA,NA,NA,NA,NA,NA,NA,NA,NA,NA,NA,NA,NA,NA,NA,NA,NA,NA,NA,NA,NA,NA,NA,NA,NA,NA,NA,NA,NA,NA,NA,NA,NA,"Kerry",1,4,4,2,5,2,5,4,2,5,1,4,5,4,3,2,4
184,4,4,4,4,3,3,4,4,4,4,4,3,3,4,3,3,2,2,3,3,3,2,3,2,1,4,5,2,5,3,4,1,3,2,3,4,"Olive",2,5,4,5,3,4,5,2,3,3,2,3,3,4,2,3,4
185,4,4,5,4,5,5,5,3,4,3,4,3,3,4,2,2,4,1,3,0,4,0,4,0,0,4,5,0,5,4,5,2,3,3,3,4,"Olive",2,5,5,5,5,5,4,3,3,5,1,4,4,5,5,5,5
186,5,4,4,4,3,4,4,5,4,3,3,2,2,2,3,3,2,2,3,4,4,2,4,4,4,2,2,4,3,5,5,2,2,5,5,3,"Olive",2,4,5,2,4,4,4,4,2,4,2,4,4,4,4,5,5
187,4,3,2,2,3,4,3,2,5,3,3,3,5,5,5,5,5,0,5,5,0,0,0,0,0,5,5,0,5,5,5,0,5,0,3,0,"Stephen",1,2,5,4,5,2,4,4,2,4,1,5,5,2,3,4,4
189,3,3,3,4,5,5,5,5,2,2,2,2,3,4,2,3,5,0,5,1,4,1,2,3,2,5,5,3,5,4,5,2,5,1,4,5,"Stephen",2,3,5,2,4,1,4,1,2,5,1,5,5,5,4,2,5
190,5,5,5,5,5,0,5,0,5,5,3,4,3,2,3,2,2,0,3,0,3,0,4,1,3,3,3,4,4,4,4,2,3,4,4,2,"Elisa",3,2,5,2,4,2,3,2,4,4,2,4,4,5,5,5,5
191,5,2,2,4,4,4,1,2,3,1,1,2,4,2,2,1,4,2,3,2,3,3,3,3,3,4,5,2,5,4,3,3,3,4,3,5,"Elisa",3,2,5,2,5,2,5,1,4,5,1,5,5,5,3,5,3
193,4,3,1,2,2,4,2,3,1,1,1,1,1,5,1,1,4,1,4,4,4,0,4,1,3,4,4,4,5,4,4,2,2,3,4,4,"Stephen",2,2,5,1,5,1,3,3,4,5,3,5,5,5,5,5,5
194,5,5,5,5,5,5,5,5,5,5,5,5,5,5,5,5,3,0,3,0,0,0,0,0,0,3,1,5,4,5,5,3,3,0,3,2,"Stephen",2,3,5,2,4,2,4,2,3,4,3,4,4,3,3,3,4
195,4,4,2,3,2,3,2,2,2,3,2,2,2,2,2,2,4,3,3,3,4,2,4,0,2,4,4,3,3,4,4,4,2,4,3,2,"Kerry",2,5,4,4,2,5,4,5,5,5,3,4,4,5,4,3,4
196,4,3,3,3,3,4,4,2,3,3,3,3,2,3,2,2,4,2,4,1,4,1,3,2,4,4,3,4,4,5,3,5,3,3,4,3,"Stephen",3,5,4,4,3,3,5,4,4,4,2,4,5,2,4,5,5
197,4,2,4,4,4,4,4,3,4,3,2,3,2,3,2,3,4,0,5,1,4,0,4,2,1,5,4,1,4,2,4,0,3,3,3,4,"Kerry",2,4,5,5,2,2,5,4,3,5,1,5,5,4,1,5,5
199,4,3,4,4,4,4,3,4,0,3,0,0,4,4,0,2,4,0,4,4,4,0,3,3,3,4,5,0,5,4,5,0,5,0,1,5,"Kerry",2,2,4,2,5,2,4,4,3,4,2,4,4,5,5,5,4
200,4,4,4,5,3,4,4,5,5,4,4,5,5,5,4,5,2,1,4,3,4,1,3,4,3,2,4,2,2,2,5,2,3,4,3,3,"Kerry",2,4,5,3,4,4,5,4,2,5,1,4,5,4,4,4,5
201,5,4,4,3,5,5,5,2,3,4,3,2,5,4,2,2,4,2,5,2,4,1,4,1,1,5,5,1,5,1,4,0,4,1,1,5,"Elisa",3,2,5,2,5,4,3,4,5,5,2,3,5,5,5,5,4
202,3,2,3,4,4,4,4,3,3,2,3,2,4,2,2,2,3,1,4,2,4,2,2,2,3,3,5,1,5,3,5,0,5,2,4,5,"Kerry",2,5,4,3,2,5,5,5,2,5,3,4,4,5,4,3,5
203,5,1,4,0,3,2,2,0,5,0,5,0,2,1,0,0,0,5,1,4,5,4,4,3,4,1,5,5,5,4,5,0,5,3,3,5,"Stephen",2,2,4,3,5,2,5,3,1,5,1,5,5,5,4,4,4
204,4,2,5,4,3,3,4,3,4,5,4,3,5,4,4,4,4,3,3,4,5,2,4,3,1,2,5,3,4,4,4,2,5,4,5,2,"Kerry",2,4,4,4,3,4,4,4,4,4,3,4,4,4,4,2,4
205,4,4,5,5,5,5,5,5,4,5,4,2,4,5,4,1,3,1,4,0,5,3,5,3,5,5,5,5,4,5,5,4,4,2,5,3,"Elisa",3,1,4,1,5,2,5,4,2,4,2,5,4,2,1,4,4
209,3,2,2,5,4,5,5,4,1,2,1,0,5,4,1,0,4,4,5,5,5,4,5,3,2,5,4,0,5,4,3,5,5,0,1,5,"Stephen",3,4,4,4,4,3,4,4,3,5,2,4,4,4,4,4,4
210,4,4,5,5,4,4,3,4,2,4,3,2,3,5,1,4,5,1,5,3,5,1,4,3,2,5,5,2,5,2,5,0,3,4,1,4,"Stephen",2,4,3,2,4,4,4,3,2,4,2,5,5,2,2,4,4
211,5,3,NA,5,5,5,5,5,5,5,5,5,5,5,5,5,3,1,2,4,4,1,5,3,3,2,5,5,5,5,5,5,5,4,5,5,"Elisa",3,4,3,2,3,4,4,4,2,4,3,4,4,3,3,4,4
212,4,2,4,4,5,4,4,4,4,3,3,4,4,5,4,4,5,2,5,5,5,4,5,0,4,5,5,0,5,0,5,0,5,0,5,5,"Stephen",2,3,4,5,5,4,5,3,4,5,1,5,5,5,5,5,3
213,3,3,3,4,4,3,4,4,3,2,2,3,3,3,2,3,3,1,3,1,3,0,3,2,2,3,4,3,4,3,4,3,4,2,3,4,"Kerry",4,3,4,5,1,1,2,5,5,2,5,1,1,5,4,4,4
214,3,3,2,3,2,3,2,3,3,4,3,3,4,5,3,3,2,3,2,5,2,4,4,4,4,3,5,1,5,2,5,1,2,2,2,4,"Kerry",2,4,4,4,4,4,4,4,3,3,4,4,5,4,4,1,5
215,5,4,4,3,4,4,4,3,5,2,3,2,3,3,2,1,5,1,5,4,5,4,5,2,3,5,5,3,5,4,5,0,5,1,4,5,"Elisa",3,3,4,2,4,4,3,3,4,3,3,4,4,4,4,4,3
216,4,2,5,4,5,5,3,4,5,2,5,2,2,2,3,1,5,1,5,2,5,1,3,1,1,5,3,4,5,4,5,4,2,4,5,3,"Olive",2,2,3,2,5,2,4,3,3,4,4,4,3,5,3,5,4
217,4,4,4,4,4,4,3,3,1,3,2,3,4,4,2,3,3,0,3,3,3,2,3,2,4,4,5,2,5,4,4,1,3,3,4,4,"Kerry",4,2,4,4,4,4,3,4,4,3,5,4,5,5,5,4,5
218,5,5,5,5,5,5,5,5,3,4,2,1,2,1,1,2,3,1,5,2,3,0,5,4,4,5,0,5,0,5,5,3,1,5,5,0,"Stephen",2,2,4,4,4,3,4,3,4,3,2,4,4,4,3,3,4
219,5,5,5,5,5,5,5,5,4,5,5,5,5,4,5,5,3,4,4,5,4,3,0,5,5,3,4,3,4,4,4,0,2,4,5,3,"Elisa",3,1,4,1,5,1,4,4,2,4,1,5,4,5,4,3,4
220,5,4,5,5,5,5,5,5,5,4,5,5,5,5,5,5,5,2,5,2,5,2,5,1,1,5,5,1,5,3,5,0,5,1,0,5,"Kerry",4,4,4,3,2,4,3,2,5,4,5,4,4,3,2,2,3
221,5,5,5,5,5,5,5,5,5,5,5,5,5,5,5,5,5,1,3,3,2,4,3,3,2,2,5,2,5,5,5,2,3,4,5,5,"Kerry",1,1,4,1,1,3,3,1,2,4,3,3,4,4,4,5,3
222,3,2,3,2,4,4,3,3,1,1,1,0,1,1,1,0,3,1,4,2,4,1,4,2,4,4,4,3,4,4,3,0,3,2,4,5,"Elisa",2,4,4,4,4,3,3,4,2,4,1,4,3,4,3,4,5
223,3,3,2,2,2,2,3,2,2,2,1,0,2,3,0,0,4,4,4,4,4,2,4,2,4,4,5,4,4,4,4,0,3,3,3,3,"Stephen",2,2,5,4,5,4,5,3,1,5,5,5,5,4,3,3,5
224,5,3,4,5,5,4,4,5,4,4,1,1,4,3,3,1,3,2,3,4,4,2,3,2,2,3,5,3,5,5,5,4,3,4,5,4,"Olive",2,5,4,5,2,4,4,5,3,3,4,4,3,5,4,2,5
225,4,4,4,5,5,5,5,4,3,1,1,1,1,1,1,1,4,0,4,0,0,0,4,1,1,5,2,1,3,3,4,3,NA,1,1,3,"Elisa",2,4,4,2,5,1,2,4,3,4,2,5,3,4,4,3,4
226,5,4,4,5,5,4,5,5,4,4,4,4,4,4,4,4,3,1,4,4,4,0,3,3,3,3,3,3,3,4,3,2,3,3,3,3,"Stephen",3,4,5,4,4,4,2,3,5,4,1,5,5,5,5,4,5
227,5,4,5,2,4,4,4,2,2,2,2,1,1,3,1,0,3,1,4,4,4,1,0,4,2,4,5,4,5,4,5,3,5,1,1,5,"Kerry",2,4,4,4,4,2,4,3,2,4,1,5,5,4,4,5,5
228,5,5,5,5,5,5,5,5,1,2,2,2,2,2,0,0,3,0,5,5,5,0,2,0,3,5,5,0,5,3,3,2,0,4,0,5,"Elisa",3,1,4,1,4,1,5,2,3,4,1,5,5,5,4,5,5
230,4,4,4,3,5,5,5,3,3,3,3,3,4,4,3,3,3,0,5,3,5,0,4,0,3,5,5,1,5,2,5,0,4,0,2,5,"Elisa",NA,NA,NA,NA,NA,NA,NA,NA,NA,NA,NA,NA,NA,NA,NA,NA,NA
231,5,4,5,4,5,4,5,5,3,3,4,2,3,3,3,3,4,1,3,4,4,3,4,0,4,4,5,4,5,5,4,0,4,1,4,4,"Stephen",2,4,4,2,2,2,4,2,2,4,2,4,4,4,2,4,4
232,4,4,3,4,4,4,3,5,5,3,4,4,4,4,3,3,3,3,3,2,3,2,1,2,3,2,5,4,5,5,5,4,5,3,2,4,"Stephen",2,2,5,2,4,2,3,2,3,4,4,5,4,4,4,3,4
233,4,3,5,5,5,5,5,5,4,3,3,4,4,5,3,4,2,0,3,3,1,3,3,1,1,2,5,3,4,4,4,0,4,1,4,2,"Elisa",2,4,4,3,4,4,4,4,4,5,3,4,4,4,2,2,3
234,1,5,3,4,4,4,4,4,1,0,1,4,4,4,0,4,4,0,4,1,4,0,2,0,2,4,4,1,4,1,4,1,4,0,0,5,"Stephen",2,4,4,1,4,5,4,5,5,5,4,4,5,5,3,4,5
235,5,5,5,4,5,5,4,4,4,4,3,4,3,4,2,2,5,1,5,3,4,2,4,1,3,4,5,3,5,4,4,4,5,3,5,5,"Stephen",3,4,5,4,4,4,4,4,3,5,3,5,4,3,2,1,5
236,5,5,5,5,5,5,5,4,2,3,1,1,1,1,1,1,5,0,5,0,5,0,5,1,1,5,5,1,5,2,5,0,4,3,2,5,"Stephen",2,4,4,2,4,2,4,2,2,5,2,5,4,4,5,4,4
237,5,5,5,5,5,4,5,4,3,4,1,3,3,4,1,1,0,5,4,4,4,1,5,2,2,1,4,4,5,5,5,0,3,4,5,3,"Olive",2,2,4,2,5,4,4,3,5,5,1,4,5,5,5,5,5
239,4,4,4,4,4,5,4,5,4,5,5,5,4,4,3,4,4,2,4,4,4,2,3,4,3,4,4,3,4,4,4,0,3,3,3,4,"Kerry",NA,NA,NA,NA,NA,NA,NA,NA,NA,NA,NA,NA,NA,NA,NA,NA,NA
240,5,3,5,5,5,5,4,5,5,3,4,5,5,5,4,5,4,2,4,3,5,2,4,0,3,4,4,3,5,5,5,0,3,4,4,4,"Elisa",3,3,4,2,5,2,4,5,4,4,3,4,4,4,4,4,4
241,4,3,3,2,3,4,2,3,3,3,3,2,3,3,3,NA,4,1,4,1,3,0,1,1,1,4,5,0,4,2,4,0,2,1,3,4,"Olive",2,2,4,2,4,2,4,1,4,4,2,4,4,5,4,4,4
242,5,4,4,5,5,5,5,5,3,3,0,0,3,5,1,0,3,3,4,3,5,3,5,1,3,4,4,2,5,3,5,0,5,3,4,5,"Elisa",3,3,2,4,5,3,3,2,5,4,3,4,4,5,3,4,4
243,3,2,3,3,2,3,1,3,0,0,0,0,0,0,0,0,4,0,4,1,4,0,2,3,2,2,3,1,5,2,3,0,3,4,3,4,"Elisa",3,3,4,4,4,4,4,4,4,3,3,3,4,5,4,3,3
244,2,2,1,1,1,3,2,1,1,1,1,1,1,2,1,1,4,1,1,2,1,1,2,1,1,4,5,2,5,3,3,0,2,4,2,5,"Stephen",2,2,5,2,4,4,5,4,2,5,1,5,5,4,4,3,4
245,5,1,5,5,5,3,5,5,2,2,3,3,3,3,3,2,4,0,5,0,1,0,0,0,0,3,0,5,3,5,4,5,5,5,5,2,"Kerry",2,5,4,4,3,4,5,2,1,5,1,4,4,4,4,4,4
246,4,3,4,3,4,4,4,3,3,4,3,4,4,4,2,3,2,3,3,3,4,2,2,3,3,2,5,4,4,4,3,0,4,3,4,3,"Olive",2,2,3,4,5,3,2,3,4,5,4,4,3,4,2,5,5
247,3,3,2,2,5,4,2,2,4,3,4,1,3,3,2,1,3,0,5,0,3,0,4,0,3,3,5,0,5,0,4,0,3,1,1,4,"Elisa",2,4,4,2,4,4,4,4,4,5,4,4,3,4,4,4,5
248,4,4,4,5,4,4,4,5,5,4,3,4,4,3,4,5,4,2,5,4,4,1,3,2,4,3,5,4,4,5,4,1,3,3,4,4,"Stephen",2,3,5,1,5,1,4,3,1,4,3,4,3,5,4,2,5
249,4,3,5,5,5,5,4,4,4,4,5,3,4,5,3,2,4,1,4,3,5,2,3,3,4,4,4,2,5,4,4,2,3,3,4,5,"Kerry",1,1,4,1,5,1,4,1,3,5,1,4,3,5,4,4,5
250,5,3,3,3,4,4,4,4,4,5,5,3,4,4,2,2,3,0,3,3,3,0,3,0,0,3,3,4,3,5,4,5,3,3,4,1,"Elisa",3,4,4,2,3,4,4,4,4,4,3,4,4,4,5,4,5
252,5,4,4,4,5,3,5,5,5,2,4,4,4,4,3,4,4,2,5,1,1,4,4,3,3,1,3,5,4,5,3,5,3,5,5,4,"Kerry",4,1,4,1,4,4,4,4,3,2,5,4,5,5,4,5,4
253,1,1,1,1,3,4,1,1,2,1,5,1,4,0,0,0,4,1,4,2,4,0,3,0,1,2,5,5,5,5,5,0,3,3,5,3,"Kerry",2,4,4,4,3,3,4,4,4,4,4,4,4,4,4,4,4
254,5,4,5,5,5,4,5,5,5,5,5,5,5,5,5,5,5,2,5,3,4,2,2,0,1,2,3,0,5,3,3,0,2,2,3,3,"Stephen",3,6,6,5,2,4,5,5,2,4,1,5,4,3,2,2,2
256,5,4,4,5,5,4,4,4,4,3,4,4,4,4,4,4,4,2,4,4,NA,2,2,3,2,2,4,3,4,3,4,4,3,3,3,3,"Stephen",3,4,5,4,4,4,3,5,4,4,2,5,4,5,4,4,4
257,5,4,5,5,5,5,5,5,3,3,3,1,2,4,2,2,3,1,3,1,3,0,5,4,3,3,5,2,5,3,5,0,1,1,3,5,"Elisa",2,4,4,2,4,3,4,4,4,4,4,3,4,4,3,4,4
258,5,5,5,5,5,5,5,5,5,3,4,3,3,3,3,2,5,2,4,5,5,1,1,4,4,4,5,5,3,5,5,5,3,3,5,4,"Kerry",2,5,3,2,4,4,4,3,3,4,2,3,4,4,4,4,4
259,4,4,5,5,5,5,3,5,0,3,2,3,1,5,0,1,3,0,4,1,4,0,4,0,3,5,4,1,5,0,3,0,3,0,0,5,"Elisa",2,4,4,3,4,4,3,4,4,4,4,4,5,4,4,4,5
260,5,3,4,3,5,5,3,3,5,3,3,3,5,5,3,4,5,2,4,2,5,1,3,3,5,5,5,0,5,3,5,0,5,0,5,5,"Olive",2,2,3,2,4,3,5,5,4,5,3,4,5,5,5,5,5
261,4,3,4,5,5,5,4,4,5,0,0,0,2,1,0,1,4,4,4,4,5,1,4,4,4,1,5,5,5,5,5,2,5,5,5,5,"Stephen",2,4,3,2,4,2,4,2,3,4,4,3,3,4,4,4,4
263,4,3,4,5,5,4,3,4,4,4,5,4,5,3,3,4,3,4,4,4,4,3,3,3,3,4,3,4,5,5,4,4,3,2,3,3,"Stephen",2,4,4,2,4,3,4,2,4,3,2,4,4,5,5,3,5
266,4,4,4,5,5,5,5,5,0,0,0,0,0,0,0,0,1,0,5,3,5,0,3,0,0,5,0,5,5,3,0,4,0,5,5,0,"Kerry",2,2,4,3,4,5,4,4,2,5,2,2,4,4,4,2,4
267,4,3,3,4,4,4,4,4,2,2,4,3,3,3,2,2,4,1,4,1,3,0,3,1,1,3,4,3,4,3,5,0,3,3,3,4,"Kerry",4,4,4,3,5,4,2,4,4,3,1,4,2,4,4,4,4
271,5,5,5,5,5,5,5,4,5,4,5,3,5,5,5,3,5,1,5,1,5,3,4,1,1,5,5,1,5,4,5,2,5,3,2,5,"Kerry",2,2,4,3,4,4,5,3,4,4,3,4,4,5,5,4,4
273,5,4,5,2,5,5,5,2,3,2,1,0,2,1,0,0,4,0,5,3,5,0,4,1,0,5,5,0,5,1,5,0,5,1,1,5,"Stephen",2,3,4,2,4,3,5,4,3,4,3,4,3,2,2,3,4
277,4,4,4,5,5,4,4,4,4,4,3,3,3,4,3,4,5,0,4,3,3,0,4,1,1,4,5,2,4,4,4,4,3,2,4,5,"Olive",2,2,4,2,5,2,4,4,2,4,2,4,4,4,4,5,5
280,4,3,3,3,4,5,4,3,3,2,2,1,2,5,2,1,1,5,5,5,5,5,5,5,5,2,5,4,4,5,5,0,3,5,5,2,"Stephen",2,4,4,4,4,4,5,5,3,4,4,4,4,4,4,4,4
281,4,4,3,4,5,4,3,4,1,3,3,1,3,4,1,1,5,1,5,1,4,1,5,3,2,3,5,1,5,1,5,1,5,3,2,4,"Elisa",2,4,4,4,2,4,2,4,4,5,4,4,4,4,4,5,4
282,4,2,2,3,4,3,4,5,2,1,1,4,3,2,1,1,5,2,3,4,3,1,2,3,4,4,5,4,2,5,4,4,3,4,3,3,"Kerry",2,2,4,3,4,4,4,4,4,4,4,5,5,5,5,4,5
283,4,4,NA,5,4,4,4,5,4,3,3,3,3,3,3,3,3,1,3,3,3,1,3,1,1,3,3,3,3,3,3,1,3,1,3,3,"Stephen",2,4,3,4,2,4,1,4,5,3,4,2,1,3,3,2,2
284,4,3,4,5,4,4,5,4,1,1,3,0,0,3,0,1,4,1,5,4,4,1,3,0,4,0,5,1,5,4,4,2,3,2,4,5,"Elisa",3,3,4,2,4,3,4,4,3,4,2,4,4,4,4,3,4
285,5,5,5,5,4,4,5,4,2,3,3,3,3,4,5,2,5,1,5,2,4,2,5,2,2,5,4,1,5,3,5,3,5,2,2,3,"Kerry",4,1,5,1,5,3,5,5,3,5,5,5,5,5,5,3,5
286,4,4,4,5,4,4,4,4,4,4,4,3,3,4,4,3,3,3,4,4,4,4,4,2,3,4,4,4,4,4,NA,3,4,3,3,3,"Stephen",2,3,4,2,4,4,4,2,2,4,2,4,3,2,2,2,4
287,5,3,5,5,5,3,4,4,5,4,5,4,3,2,4,4,4,2,3,3,3,2,3,2,2,4,5,3,3,4,3,0,3,1,3,3,"Stephen",2,2,4,4,4,3,4,2,4,4,1,4,4,4,4,4,4
288,3,4,5,2,4,5,4,2,2,2,4,1,4,5,2,1,3,2,4,4,4,2,3,2,4,4,5,4,5,5,5,4,5,2,5,5,"Kerry",4,2,4,3,4,3,2,3,5,3,4,3,4,5,5,5,4
289,5,5,4,4,3,3,3,3,3,1,1,1,2,2,1,1,2,3,3,3,3,3,1,4,4,2,1,3,3,4,2,3,1,5,5,1,"Kerry",2,2,5,1,5,4,4,1,2,5,1,4,5,5,5,5,5
290,5,5,5,5,5,5,5,5,3,3,3,2,5,5,2,2,5,2,5,5,5,2,5,2,5,5,5,5,5,5,5,5,0,4,5,5,"Kerry",1,1,4,1,5,1,4,1,3,4,2,4,4,4,3,3,5
291,3,2,4,4,4,4,4,5,2,3,1,3,1,3,0,0,3,3,4,1,4,1,3,0,3,5,5,5,5,5,5,5,4,5,5,5,"Elisa",3,3,4,2,4,3,3,3,2,4,3,4,4,4,4,3,3
292,5,5,5,5,5,5,5,4,4,5,5,5,5,5,5,5,5,1,4,2,2,1,3,2,2,4,5,1,5,4,5,3,5,4,4,4,"Stephen",2,3,4,3,4,3,4,4,3,4,2,4,4,4,5,4,5
293,5,5,5,5,5,5,5,5,4,4,4,4,4,4,4,4,4,1,4,1,4,1,4,2,2,3,5,0,5,2,4,0,4,2,2,4,"Kerry",2,2,4,3,4,3,4,4,2,5,1,4,5,4,4,4,5
295,4,4,0,4,3,4,0,4,0,0,0,3,3,3,0,0,3,0,0,0,3,0,2,0,0,0,2,2,3,5,5,0,0,5,0,2,"Elisa",3,2,4,2,4,4,4,3,3,4,2,3,4,4,3,3,4
296,4,1,3,3,1,1,1,1,0,3,1,1,1,1,1,1,0,1,3,3,2,1,1,4,3,0,2,2,4,1,0,4,0,1,1,1,"Elisa",3,2,4,2,4,2,4,4,4,4,2,4,4,4,3,4,4
297,5,4,3,4,4,5,5,4,4,4,5,4,5,5,3,4,2,1,2,4,1,2,0,2,2,1,4,3,4,5,4,4,5,3,5,4,"Olive",2,2,4,2,4,2,4,4,4,4,2,5,4,4,4,3,4
298,5,5,5,5,5,4,5,5,2,1,2,2,5,4,3,4,5,1,5,4,4,3,5,3,3,3,5,3,5,5,5,0,4,0,4,2,"Kerry",2,2,5,1,5,2,5,1,4,5,1,4,5,5,4,5,5
300,1,4,4,5,5,5,5,5,5,5,5,5,5,4,5,5,5,0,0,0,3,0,5,0,2,5,5,0,5,3,5,1,5,4,5,5,"Elisa",3,1,4,4,4,5,2,2,5,4,3,4,3,5,2,3,3
