"Pnum","age","gender","trait","sa1","sa2","rfapro2","rfapro3","rfapro4","rfapro5","rfapre1","rfapre2","rfapre3","rfapre5","central.sa1","rfbpro2","rfbpro3","rfbpro4","rfbpro5","rfbpre1","rfbpre2","rfbpre3","rfbpre5","central.sa2","RFQpro1r","RFQpro2","RFQpro3","RFQpro4r","RFQpro5","RFQpro6r","RFQpre1r","RFQpre2r","RFQpre3","RFQpre4r","RFQpre5r"
76,21,1,NA,NA,NA,NA,NA,NA,NA,NA,NA,NA,NA,NA,NA,NA,NA,NA,NA,NA,NA,NA,NA,NA,NA,NA,NA,NA,NA,NA,NA,NA,NA,NA
104,NA,NA,"I'm funny","an improviser","a rush chair",7,7,7,7,2,5,6,2,7,7,1,7,7,6,7,6,7,5,NA,NA,NA,NA,NA,NA,NA,NA,NA,NA,NA
111,19,1,NA,NA,NA,NA,NA,NA,NA,NA,NA,NA,NA,NA,NA,NA,NA,NA,NA,NA,NA,NA,NA,NA,NA,NA,NA,NA,NA,NA,NA,NA,NA,NA
116,18,2,NA,NA,NA,NA,NA,NA,NA,NA,NA,NA,NA,NA,NA,NA,NA,NA,NA,NA,NA,NA,NA,NA,NA,NA,NA,NA,NA,NA,NA,NA,NA,NA
156,18,1,NA,NA,NA,NA,NA,NA,NA,NA,NA,NA,NA,NA,NA,NA,NA,NA,NA,NA,NA,NA,NA,NA,NA,NA,NA,NA,NA,NA,NA,NA,NA,NA
179,18,2,NA,NA,NA,NA,NA,NA,NA,NA,NA,NA,NA,NA,NA,NA,NA,NA,NA,NA,NA,NA,NA,NA,NA,NA,NA,NA,NA,NA,NA,NA,NA,NA
217,18,1,NA,NA,NA,NA,NA,NA,NA,NA,NA,NA,NA,NA,NA,NA,NA,NA,NA,NA,NA,NA,NA,NA,NA,NA,NA,NA,NA,NA,NA,NA,NA,NA
244,19,1,NA,NA,NA,NA,NA,NA,NA,NA,NA,NA,NA,NA,NA,NA,NA,NA,NA,NA,NA,NA,NA,NA,NA,NA,NA,NA,NA,NA,NA,NA,NA,NA
331,22,1,"","","",NA,NA,NA,NA,NA,NA,NA,NA,NA,NA,NA,NA,NA,NA,NA,NA,NA,NA,1,4,4,2,5,3,2,2,4,2,2
332,18,2,"hard-working","a student","a friend",5,6,6,6,6,6,6,6,6,7,7,7,6,6,3,7,7,7,3,3,4,5,4,4,2,1,2,3,5
333,18,2,"skeptical","citizen","friend",4,4,4,4,2,4,4,4,6,5,5,5,5,5,5,5,6,6,1,5,5,2,4,1,1,1,5,1,1
334,18,2,"diligence","a daughter","a student",5,7,5,5,5,6,7,6,7,3,7,3,6,7,7,7,7,7,3,5,5,5,5,1,1,4,5,5,5
335,20,1,"","daughter","friend",6,5,6,4,2,5,5,5,4,6,6,6,5,6,4,5,6,5,1,4,4,3,4,1,1,3,4,3,2
336,21,2,"loyal","friend","daughter",6,4,7,5,2,2,6,4,7,6,4,6,3,5,5,5,4,3,3,4,4,2,4,2,2,2,4,2,3
337,18,1,"a good listener","a friend","a student",7,5,5,6,5,5,6,5,7,7,6,5,6,6,6,5,5,7,3,4,5,2,4,1,1,2,5,1,2
338,18,2,"courageous","student","basketball player",2,2,6,4,1,3,4,6,5,1,1,4,1,5,2,6,1,5,2,4,5,1,4,2,1,2,5,2,1
339,18,1,"loyalty","a sibling","a friend",4,6,5,5,5,5,5,6,7,5,5,5,5,5,5,6,5,7,2,3,3,2,3,2,4,5,4,2,4
340,21,2,NA,NA,NA,NA,NA,NA,NA,NA,NA,NA,NA,NA,NA,NA,NA,NA,NA,NA,NA,NA,NA,3,3,3,5,3,2,2,2,4,2,4
341,18,1,"I try to understand those I disagree with","a friend","a student",6,6,3,5,7,7,4,4,6,3,5,6,5,3,5,7,7,1,2,3,4,3,4,2,4,4,2,4,4
342,18,1,"kindness","a family member/friend","a student",5,5,6,5,5,5,5,5,6,5,5,5,5,5,5,5,5,5,3,2,3,2,4,3,4,4,4,4,5
343,19,1,"understanding","a student","an artist",7,7,6,6,6,5,7,6,6,7,7,7,7,4,5,7,7,7,2,4,4,2,4,2,1,1,5,2,3
344,18,2,"caring","a sibling","a friend",6,7,6,3,2,2,4,2,7,6,7,6,3,2,2,4,2,7,3,4,3,3,4,1,1,1,1,1,1
345,18,2,"compassionate","a friend","a daughter",7,7,7,7,6,5,7,7,7,6,6,7,6,6,5,7,7,7,1,5,5,2,5,2,2,3,4,3,4
346,20,1,"empathy","a son","an american citizen",6,6,5,5,6,6,6,6,6,1,2,4,1,2,2,3,2,6,1,4,4,3,5,1,1,1,5,1,4
347,18,2,"individualistic","student","friend",5,7,7,7,6,7,7,6,6,6,6,4,6,6,6,4,5,6,3,4,3,2,4,2,1,1,5,1,1
348,18,2,"unique","cellist","son",7,NA,7,6,7,6,NA,7,7,4,3,7,4,5,4,4,4,5,2,5,4,2,3,1,3,2,4,3,4
349,19,2,"organized","a roommate","a student",2,2,2,2,2,2,2,2,2,5,6,5,6,5,3,5,4,4,2,3,5,1,5,1,2,1,5,2,2
350,19,1,"Loving","lover","citizen",7,7,7,7,6,6,7,7,7,4,4,4,4,4,6,4,4,3,1,4,4,5,3,3,3,4,3,3,5
351,19,2,"humble","a football player","a caring friend",6,6,6,5,6,4,5,5,6,3,4,5,2,2,1,2,6,5,2,4,3,4,4,2,2,2,5,2,2
352,20,2,"Empathetic","friend","sister",6,6,6,4,5,6,6,5,6,3,3,5,4,5,3,6,5,5,1,4,4,2,4,3,2,3,4,3,3
353,18,2,"caring","a daughter","a member of society",7,6,6,4,4,7,4,5,7,5,4,6,7,3,4,4,7,6,1,4,5,2,4,1,4,4,2,4,4
354,18,2,"the desire to make others happy","a performer","a friend",7,6,7,7,7,5,7,7,7,7,4,5,4,7,5,6,6,6,1,5,4,4,5,2,5,4,4,4,5
355,19,2,NA,NA,NA,NA,NA,NA,NA,NA,NA,NA,NA,NA,NA,NA,NA,NA,NA,NA,NA,NA,NA,2,4,4,2,4,4,3,3,4,2,4
357,19,2,"kindness","a family member","a stranger",6,6,7,4,5,4,6,6,7,5,2,5,2,3,2,5,2,6,2,4,4,5,4,2,1,3,4,4,4
358,18,1,"Hardworking","student","daughter",7,7,6,7,7,6,7,7,7,5,2,6,2,4,2,6,5,4,2,5,4,5,4,5,4,5,4,2,2
359,18,2,"thoughtful","a good daughter","a good friend",5,5,6,4,2,4,4,4,5,7,4,5,4,6,4,4,4,5,2,4,4,4,5,3,3,4,4,3,1
360,22,1,"other-oriented","a friend","a family member",6,5,5,5,2,5,6,6,6,2,2,3,4,4,4,2,3,3,3,5,3,4,3,4,2,4,5,NA,4
361,18,2,"curious","a researcher","a student",7,7,7,7,7,6,5,7,7,5,5,6,6,7,5,5,5,7,4,4,3,2,4,2,1,2,5,2,2
362,19,2,"dedication"," a member of the rowing team","a boyfriend",6,6,5,6,6,6,6,6,5,6,6,6,6,6,6,6,6,6,3,3,4,3,4,4,2,1,5,2,2
363,19,1,"","","",NA,NA,NA,NA,NA,NA,NA,NA,NA,NA,NA,NA,NA,NA,NA,NA,NA,NA,1,5,4,1,5,1,4,4,2,4,4
364,18,1,"genuine","peer","friend",4,3,4,4,2,3,5,3,6,5,2,7,3,5,5,3,4,7,2,5,4,2,4,4,2,1,4,3,2
366,18,1,"caring","a friend","sibling",5,4,5,4,2,5,4,5,6,5,4,5,4,5,5,5,3,2,2,5,4,2,5,3,4,3,3,4,5
367,19,1,"kind","a friend","an artistic collaborator",4,6,5,4,6,6,6,7,7,7,7,7,7,7,7,7,7,5,3,5,3,2,4,1,2,2,4,3,4
368,21,1,"determined","a student","an actress/performer",7,7,6,6,6,6,7,7,7,7,7,5,7,7,6,6,6,7,2,4,4,5,5,2,4,2,4,4,4
369,18,2,"","a student","a daughter",6,7,6,7,7,6,7,7,7,5,4,6,6,6,4,5,6,6,2,5,4,4,5,2,4,2,4,3,4
370,20,1,"alive","a friend","an artist",6,7,6,6,5,3,6,6,7,7,7,5,7,7,6,7,7,7,1,5,4,3,4,2,2,1,5,2,2
371,18,2,"","student ","friend",5,7,7,7,5,7,7,7,7,7,7,7,7,2,7,7,7,7,2,4,4,2,4,2,2,2,4,3,3
372,20,2,"individual","girlfriend","teammate",6,6,6,6,6,6,6,6,6,6,6,6,6,6,6,6,6,6,2,5,5,1,5,1,3,5,4,4,4
373,18,1,"compassion","a friend","a son",7,5,5,5,2,4,5,5,4,5,6,5,4,6,5,5,5,4,2,4,4,1,5,5,2,2,5,2,2
374,18,1,"creative","writer","boyfriend",5,3,5,4,5,5,5,3,6,5,6,7,7,3,4,6,7,5,2,3,5,2,5,4,1,5,4,5,4
375,19,1,"sociable","an RA","friend",4,6,6,6,6,4,6,6,7,6,6,6,6,6,6,6,6,6,2,4,4,2,5,4,2,2,5,1,4
376,19,2,"strong","student ","TEENAGER IN SOCIETY",7,7,7,7,7,7,6,5,7,4,7,7,5,6,5,7,4,7,3,3,3,4,4,3,4,3,4,4,4
377,18,2,"honesty","friend","family member",6,4,4,4,6,5,4,5,6,4,5,4,5,4,5,5,5,6,2,4,4,4,4,2,1,1,5,1,4
379,19,2,"individualistic","an actor","camp counselor",7,7,7,7,2,2,7,7,7,7,6,6,4,5,6,6,6,6,2,4,3,3,4,4,2,3,4,3,3
380,19,2,"humble","daughter/grandaughter","member of a community",6,7,5,5,5,6,5,7,7,6,6,5,NA,5,4,4,4,6,2,5,4,4,5,1,4,4,4,4,4
381,18,2,"Detail-oriented","a student","a girlfriend",5,6,7,5,6,5,7,6,7,4,5,7,5,4,4,4,5,5,1,4,4,2,5,2,2,2,5,2,2
382,18,1,"trustworthy","a daughter","a friend",7,6,3,4,6,6,5,5,6,7,4,4,4,6,4,7,4,7,1,5,4,3,5,1,4,4,4,4,5
383,18,1,"honest","a friend","a student",6,6,7,5,6,6,6,5,6,4,7,7,7,6,7,7,7,4,4,4,4,4,4,5,4,5,2,3,4
384,21,1,"reflective","sister/friend","student",6,6,6,4,6,6,6,6,7,6,6,6,7,5,6,7,6,3,1,5,4,2,4,1,2,1,2,2,2
385,18,2,"confident","a brother","a man",3,3,5,3,3,3,3,3,3,2,6,7,7,1,1,6,7,7,1,5,5,2,5,1,2,4,5,2,4
386,18,2,"","a son/family member","a friend",2,1,5,3,6,5,4,2,NA,6,5,6,5,2,4,5,4,NA,2,5,5,4,5,3,4,4,5,3,4
387,21,1,"open-minded","a friend","a student",5,1,6,1,2,1,6,2,2,6,6,6,7,7,7,6,6,5,4,4,5,3,5,4,4,4,3,4,5
388,19,1,"Kind","a friend","a girlfriend",5,5,6,4,3,5,6,NA,7,6,4,6,5,6,6,5,6,7,2,4,4,2,5,3,1,1,5,1,1
389,19,1,"hard-working","a student","a cheerleader",6,6,6,6,6,6,6,6,6,4,5,5,4,5,5,6,5,4,1,5,4,2,5,1,2,3,5,4,2
390,19,2,"determined","a student","a friend",6,7,6,7,6,6,7,6,7,3,3,2,7,6,6,6,5,2,2,4,4,2,4,4,1,3,4,4,2
391,19,1,"hardworking","daughter","student",6,5,5,4,3,NA,4,7,5,6,7,6,7,7,6,7,7,7,2,5,5,2,5,2,5,5,4,5,4
392,19,1,"honest","a girlfriend","a student",5,5,6,6,5,5,5,6,7,7,7,7,5,7,7,7,5,6,2,4,5,4,4,4,5,5,3,4,2
393,19,2,"Quirky","a duaghter","a girlfriend",5,6,2,3,7,6,7,6,2,6,5,6,6,3,2,6,6,6,1,5,4,3,4,1,2,2,4,2,2
394,18,1,"Afraid of failures","student ","Daughter",5,4,5,5,7,4,6,4,5,3,5,3,4,4,4,4,3,5,3,5,4,4,5,2,4,3,4,1,4
395,19,1,"Trustworthiness","a friend","a student",5,4,5,4,6,5,5,5,5,7,3,3,7,7,7,7,4,3,2,3,5,3,4,4,4,4,4,2,2
396,19,2,"Passionate","a learner","a captain of sport team",7,7,7,7,7,7,7,7,7,7,7,7,7,7,7,7,7,7,2,5,4,2,5,1,1,1,5,3,4
397,19,1,"Supportive","a friend","a brother",6,6,7,6,6,6,6,6,6,5,6,6,7,5,3,6,6,6,4,3,3,3,5,3,5,5,4,5,5
398,21,1,"Awkward","friend","sister",7,7,6,6,6,7,5,6,6,5,5,7,4,4,5,6,5,5,2,4,4,2,4,1,3,2,5,3,3
407,18,2,NA,NA,NA,NA,NA,NA,NA,NA,NA,NA,NA,NA,NA,NA,NA,NA,NA,NA,NA,NA,NA,NA,NA,NA,NA,NA,NA,NA,NA,NA,NA,NA
408,18,1,"open","an intellectual","a member of society",5,5,4,5,5,4,5,5,6,5,3,4,3,2,5,3,5,5,1,3,4,1,5,3,2,4,4,3,3
409,19,2,NA,NA,NA,NA,NA,NA,NA,NA,NA,NA,NA,NA,NA,NA,NA,NA,NA,NA,NA,NA,NA,NA,NA,NA,NA,NA,NA,NA,NA,NA,NA,NA
411,18,2,"success driven","student","friend",7,7,3,7,7,7,7,7,7,5,5,5,5,5,5,5,5,4,1,5,5,2,5,1,2,3,5,1,4
412,18,2,"compassionate","student","",7,7,5,7,6,7,7,7,NA,NA,NA,NA,NA,NA,NA,NA,NA,NA,1,4,4,2,3,3,2,3,4,4,4
413,22,2,"Understanding","a singer","girlfriend ",7,4,6,6,5,1,5,4,2,7,7,7,7,1,1,7,7,7,1,2,5,3,4,2,2,2,5,1,4
414,19,2,"Happy ","friend ","member of society",4,1,2,1,1,1,1,3,6,5,5,6,6,4,5,4,5,5,NA,NA,NA,NA,NA,NA,NA,NA,NA,NA,NA
415,21,1,"smart","school","athlete",4,6,4,4,6,6,4,5,7,4,4,4,4,5,4,4,4,7,4,4,4,3,4,2,2,1,4,2,3
416,18,2,"anxious","student","friend",7,7,4,7,7,7,7,7,7,6,6,5,6,6,6,6,6,6,2,4,4,2,4,2,4,4,2,4,4
417,18,2,"caring","student","daughter",5,6,6,6,6,6,6,6,6,5,4,6,2,2,2,5,6,6,4,2,5,4,3,4,4,4,4,5,4
418,19,1,"sincere","a friend","a leader",6,6,7,4,5,6,7,6,7,7,6,5,7,5,7,6,7,5,2,4,5,2,4,2,3,3,3,4,4
419,18,1,"Mormon","a student","a young woman",7,7,7,7,5,5,7,6,6,7,7,7,7,4,4,7,7,7,1,4,4,4,4,4,1,2,4,3,4
420,21,1,"Amiable","a friend","a student",6,6,4,4,6,6,5,4,5,6,6,5,6,7,4,3,5,4,1,4,4,3,3,4,4,1,3,3,4
421,18,1,"organized","son","fraternity member",1,2,6,2,2,5,3,6,5,5,6,7,7,6,7,7,6,6,1,5,3,4,4,2,2,2,4,3,4
422,20,2,"happy ","a boyfriend","a friend",6,7,6,6,7,7,7,7,7,5,5,5,3,4,5,6,3,6,2,5,3,4,3,2,1,1,5,1,2
423,18,2,"sarcastic","a friend","a brother",6,5,4,3,6,6,7,4,5,5,7,5,6,6,7,6,1,4,1,3,4,2,4,4,3,1,5,3,3
424,19,1,"","a student ","a son",7,7,6,NA,7,7,7,1,7,2,1,3,NA,2,1,3,7,1,1,4,5,2,4,2,2,2,4,2,3
425,18,1,"determined","a performer","a son",7,7,6,7,7,7,7,4,7,4,6,5,5,5,5,5,6,4,3,5,4,5,4,3,2,2,4,2,3
426,20,1,"thoughtful","friend","son",3,4,5,5,3,4,5,4,3,3,5,4,6,5,4,5,3,4,4,4,4,3,4,4,3,3,3,2,3
427,19,1,"introverted","a friend","a son",5,5,6,5,5,6,6,5,6,5,6,5,5,6,7,5,6,3,1,4,4,1,4,2,1,2,5,1,2
428,18,2,"ambitious","a student","a daughter",6,6,7,7,6,6,7,6,7,2,4,3,3,3,4,3,4,4,1,5,4,1,4,2,1,1,5,1,4
429,18,1,"reliable","student","girlfriend ",5,6,7,6,5,6,6,6,7,6,7,6,6,6,6,7,7,6,1,4,3,4,5,1,4,3,3,4,2
430,18,2,"leader","member of community involvement","a friend",6,6,6,6,5,6,7,6,7,6,6,6,6,6,6,7,6,7,3,2,4,3,5,4,4,2,5,4,2
440,18,2,"dependable","","",NA,NA,NA,NA,NA,NA,NA,NA,NA,NA,NA,NA,NA,NA,NA,NA,NA,NA,1,5,5,1,5,1,5,5,4,5,5
441,18,2,"open-minded","a student in the quarter system","a boyfriend",6,5,5,5,5,5,5,5,5,4,5,5,5,5,5,5,5,4,3,5,2,5,2,4,4,2,4,3,4
442,18,2,"fun","a friend","an actor",6,6,6,2,6,3,2,3,7,7,7,7,7,7,7,7,7,7,2,5,4,4,4,2,2,4,4,4,4
443,19,1,"weird","a friend","a student",6,6,5,6,6,6,6,6,6,4,6,5,6,6,7,6,5,5,1,5,5,5,5,2,4,1,5,1,4
444,19,1,"emotional","student","artist",7,7,7,7,7,7,7,7,4,7,7,7,7,7,7,7,7,7,2,4,5,4,4,4,4,2,4,4,3
446,21,1,"","friend","sister",7,7,7,2,2,7,6,6,7,6,4,3,4,2,5,5,4,4,1,4,5,2,5,1,5,2,5,4,4
447,20,1,"perseverant","a leader ","a person",6,5,6,5,7,6,6,5,5,3,7,6,6,6,7,6,7,7,3,4,4,5,5,2,1,1,5,1,2
448,18,1,"cautious","friend","son",NA,NA,NA,NA,NA,NA,NA,NA,NA,NA,NA,NA,NA,NA,NA,NA,NA,NA,1,5,4,2,5,2,4,1,1,2,3
449,18,2,"determination","a student","a musician",7,6,7,3,2,5,6,5,6,3,2,3,4,2,2,2,2,6,1,5,4,1,5,1,1,2,5,2,4
450,18,2,"faithful","a child of God","a friend",6,6,6,6,5,5,6,6,7,5,7,6,6,3,5,5,7,7,2,4,4,3,4,3,4,2,4,4,2
451,18,2,"caring","a friend/girlfriend","a coach",6,4,6,4,5,1,6,5,7,7,6,6,4,5,6,7,6,6,2,5,4,1,4,2,1,2,5,1,1
452,18,1,"positive","a camp councelor","a friend",5,4,6,2,6,6,5,3,6,6,7,6,6,4,4,5,7,6,2,5,5,3,4,2,5,3,2,4,5
453,19,1,"intense","teammate","student",NA,NA,NA,NA,NA,NA,NA,NA,NA,NA,NA,NA,NA,NA,NA,NA,NA,NA,3,4,4,4,3,3,4,4,2,4,4
454,19,1,"positive","daughter","student",6,7,5,3,1,1,4,4,5,5,6,6,6,5,4,7,6,6,1,4,4,2,4,2,4,4,2,4,4
455,19,2,"observasnt","a member of my family","my own man",7,7,7,7,7,6,7,4,7,7,7,7,7,7,6,5,4,7,1,4,5,2,5,2,1,2,1,2,3
456,18,1,"friendly","a daughter","a student",7,7,5,6,5,7,6,7,5,7,7,7,7,7,7,7,7,7,2,4,3,3,5,2,2,2,4,1,4
457,18,1,"caring","daughter","friend",5,4,6,4,3,3,7,7,7,4,5,5,4,6,3,6,4,6,2,5,4,2,4,1,4,2,4,2,3
458,19,1,"empathetic","a friend","a social scientist",3,2,6,1,3,3,6,1,7,6,7,5,5,7,6,6,7,4,1,5,5,3,5,1,4,2,5,4,4
459,18,1,"blunt","a friend","girlfriend",5,4,4,4,6,5,5,4,4,6,4,4,4,6,6,4,4,4,2,2,3,5,4,4,1,1,4,1,3
460,20,1,"motivated","a field hockey player","a daughter",5,4,6,6,2,2,6,6,6,4,4,4,4,3,4,4,4,4,1,4,4,2,5,4,4,2,3,4,4
461,18,1,"trustworthy","being a good friend","a part of a team (volleyball, basketball, etc.)",6,6,6,5,3,5,6,5,7,7,7,7,7,6,7,7,6,6,1,5,5,3,5,2,4,4,4,4,3
462,20,1,"kindness","friend","a Catholic",7,6,7,5,6,5,7,6,7,7,6,6,6,6,3,6,7,6,4,5,3,3,4,4,4,5,5,5,4
463,19,2,"independent","daughter","student",2,2,5,5,2,2,2,3,4,5,6,6,6,6,6,6,5,5,2,4,2,2,4,5,2,2,5,2,3
464,18,2,"thoughtful","son","brother",5,2,7,1,1,1,2,2,4,1,1,7,1,1,1,1,1,4,3,3,4,2,4,2,2,2,4,2,3
465,19,2,"driven","a student","a professional",6,6,7,7,5,5,6,5,7,7,6,5,6,6,6,5,6,6,2,4,4,4,5,1,1,1,5,4,5
466,19,2,"thoughtful","a student","a friend",6,7,6,6,6,6,6,7,3,4,6,5,5,5,5,5,5,4,1,4,5,3,5,2,1,1,5,1,4
467,19,2,"reserved","a good family member (to my parents/sister/grandma)","a cellist",6,5,5,4,5,5,5,5,5,6,6,5,6,5,5,6,6,6,4,3,4,4,2,4,1,2,5,1,4
468,19,2,"independent","son","moderator of arguments",6,4,6,3,6,3,6,6,6,5,2,5,2,2,1,2,2,1,2,4,5,3,4,4,1,1,5,1,2
469,19,2,"child of God","friend","student",4,6,7,5,5,5,6,6,7,6,6,6,6,6,6,6,7,7,1,4,3,2,4,2,2,1,4,2,2
470,NA,NA,"genuine","a student","a friend",2,5,6,4,5,4,5,5,5,4,6,5,2,5,4,3,5,6,4,4,4,3,4,4,4,3,4,3,4
471,18,2,"thoughtful","a boyfriend","a son",7,7,7,6,7,6,6,7,7,4,4,5,4,5,6,4,4,5,1,4,5,3,3,3,2,2,5,3,4
472,19,2,"just","president of a club","a citizen",6,6,5,3,7,4,4,4,2,NA,NA,NA,NA,NA,NA,NA,NA,NA,2,3,4,2,5,4,4,2,4,3,4
473,20,2,"caring","a student athlete","a friend",7,7,7,7,6,7,6,7,6,5,7,6,5,5,6,6,5,7,2,3,4,3,4,2,4,2,4,3,2
474,18,2,"","","",NA,NA,NA,NA,NA,NA,NA,NA,NA,NA,NA,NA,NA,NA,NA,NA,NA,NA,2,4,4,4,4,1,2,2,4,3,3
475,19,1,"loyal","a friend","a daughter",6,6,6,6,4,6,6,7,7,6,6,7,6,6,6,6,7,6,2,3,4,4,4,2,4,3,2,4,4
476,21,2,"responsible","student","son",7,6,6,6,7,6,6,6,6,5,4,5,4,5,4,5,4,6,3,4,5,4,4,5,4,3,2,4,3
477,18,1,"charismatic","leader","caretaker",2,4,4,3,2,2,3,2,4,3,3,3,2,3,2,4,3,3,3,3,3,4,4,3,2,2,3,3,3
478,20,1,"obsessive","a student","a patient (i.e., with the goal of becoming medically healthy)",5,4,6,5,7,6,2,4,5,5,3,3,4,7,3,3,3,7,1,5,5,1,5,1,5,5,1,5,5
479,19,2,NA,NA,NA,NA,NA,NA,NA,NA,NA,NA,NA,NA,NA,NA,NA,NA,NA,NA,NA,NA,NA,3,4,4,2,4,3,4,4,3,3,2
480,19,1,NA,NA,NA,NA,NA,NA,NA,NA,NA,NA,NA,NA,NA,NA,NA,NA,NA,NA,NA,NA,NA,2,4,4,2,5,1,2,2,4,3,2
481,18,2,"calculating","a student","a friend",5,7,6,6,5,6,6,6,6,3,4,6,3,3,3,5,3,3,3,4,4,2,3,2,4,3,3,2,3
482,18,2,NA,NA,NA,NA,NA,NA,NA,NA,NA,NA,NA,NA,NA,NA,NA,NA,NA,NA,NA,NA,NA,NA,NA,NA,NA,NA,NA,NA,NA,NA,NA,NA
483,17,2,"","","",NA,NA,NA,NA,NA,NA,NA,NA,NA,NA,NA,NA,NA,NA,NA,NA,NA,NA,2,4,3,3,4,2,4,4,3,3,4
484,18,2,"caring","student","daughter",6,6,5,7,6,6,6,6,3,3,4,4,NA,4,5,5,NA,7,2,4,4,4,4,3,1,5,5,3,2
485,21,1,"passion","student","family member/friend",6,7,5,7,7,6,7,6,6,7,7,7,7,3,7,7,7,7,3,3,4,4,4,3,1,1,5,2,2
486,18,2,"loyal","friend","daughter/sister",5,5,5,5,3,5,5,5,5,5,5,5,5,3,5,5,5,5,2,4,3,3,4,3,2,2,4,2,4
487,18,2,"empathetic"," a peer advisor","an actor",7,6,7,6,5,6,6,7,7,6,7,5,6,6,6,5,6,6,4,5,4,4,2,4,4,4,4,4,3
488,18,2,"self-conscious","a friend","a musician",6,5,5,5,5,3,5,5,4,7,7,5,7,6,5,7,7,5,2,4,4,3,4,3,3,3,4,3,4
489,18,2,NA,NA,NA,NA,NA,NA,NA,NA,NA,NA,NA,NA,NA,NA,NA,NA,NA,NA,NA,NA,NA,2,4,4,3,4,3,4,4,3,3,3
490,19,1,"hate to be alone","best friend","romantic interest",3,1,5,3,5,5,7,5,7,7,7,4,4,2,2,3,4,5,2,4,4,3,4,4,4,2,4,4,5
491,19,2,"I harbor a deep and abiding love of the art of storytelling.","an artist","sn audience member",7,7,7,5,6,5,5,4,7,1,4,6,2,2,5,6,6,6,1,3,4,2,4,4,1,2,4,2,4
492,19,1,"loyal","friend","student",6,6,6,5,6,6,7,6,7,5,6,6,6,7,6,7,6,7,2,5,4,1,5,4,2,2,5,2,4
493,19,1,"caring","a friend","a caregiver to my disabled father",7,4,7,4,5,6,7,7,7,4,4,6,4,6,7,7,7,7,4,2,4,4,2,4,1,3,4,2,5
494,19,1,NA,NA,NA,NA,NA,NA,NA,NA,NA,NA,NA,NA,NA,NA,NA,NA,NA,NA,NA,NA,NA,1,4,4,2,5,3,1,1,5,1,1
495,18,1,"reasonable","a student, a daughter","a friend, a sister",6,6,6,6,6,5,7,6,7,7,4,5,3,5,6,5,5,2,2,5,4,2,5,5,1,2,5,2,4
496,18,1,"compassion","a sibling/son","a human being",7,7,7,7,7,7,7,7,7,7,7,7,7,7,7,7,7,7,2,4,4,3,3,3,4,3,4,4,4
497,20,1,"futuristic","student group leader ","resident assistant",5,6,6,6,5,5,5,6,5,6,6,6,5,4,3,6,5,5,2,5,2,2,5,1,1,1,5,1,2
498,20,1,"individualistic","a composer ","a student",5,6,6,6,5,6,4,6,7,4,5,5,5,7,7,5,5,6,1,5,4,4,5,4,2,4,4,2,4
499,18,1,"individualistic","student","only child",6,5,6,6,5,5,6,6,4,3,5,4,5,3,4,5,5,4,3,4,4,5,4,5,4,5,5,5,4
500,19,1,"driven","student","athlete",7,7,6,7,6,7,6,6,7,6,5,5,6,5,6,5,6,7,NA,NA,NA,NA,NA,NA,NA,NA,NA,NA,NA
501,19,1,"analytical","a team leader","a student",6,6,6,5,6,7,6,7,7,5,3,6,3,5,3,5,3,5,2,3,4,4,3,3,4,3,4,4,5
502,18,1,"passionate","an actoer","a daughter",7,6,6,7,7,6,5,7,7,3,3,NA,2,6,5,3,3,3,2,4,5,2,4,1,2,2,5,1,4
503,21,1,"organizer","student","theatre maker",5,4,5,4,6,5,5,4,6,7,7,5,7,7,7,6,7,7,2,4,4,2,4,2,4,4,4,3,4
504,20,1,"creative","a studying musician","a family cook",6,7,6,7,5,6,6,5,6,5,5,4,3,4,2,4,4,5,4,5,4,4,5,4,1,2,3,1,2
505,18,2,"curiosity","a student ","an innovator",5,4,6,5,6,5,6,6,7,5,6,4,4,5,7,6,5,5,1,5,5,4,5,1,2,2,5,2,5
506,18,1,"independent","student","musician",5,5,5,5,5,5,6,5,4,5,6,6,5,5,6,6,6,4,1,4,4,2,5,4,5,4,1,2,5
507,19,2,"genuine","a sister","a student",6,7,6,7,4,4,7,7,7,5,7,5,6,7,7,7,6,7,2,4,4,2,4,2,4,5,4,5,4
508,19,1,"honest","a friend","a daughter",6,5,5,4,6,6,6,4,6,6,7,4,6,2,7,6,6,7,1,1,5,3,3,2,1,4,4,2,4
509,19,2,"I am easy to talk to.","a friend","son",5,5,6,6,2,3,5,5,6,4,6,5,5,5,NA,6,5,5,2,3,3,5,4,5,1,1,4,4,4
510,19,2,"expressive","a saxophonist ","a boyfriend",7,7,6,7,6,7,7,7,7,7,5,5,4,7,6,6,4,5,2,5,4,2,4,2,2,2,4,3,4
511,18,1,"hard working","student","family member",5,5,6,6,5,5,6,6,6,3,4,5,3,3,5,4,3,5,2,3,3,2,4,3,3,2,3,2,5
512,18,2,"creative","friend","surfer",7,7,6,6,5,4,6,7,7,7,7,5,7,4,6,7,7,6,4,3,2,5,4,5,2,2,4,3,5
513,20,1,"confident","fencer","good friend",4,4,5,4,6,4,4,4,5,4,4,5,4,4,5,5,4,5,1,4,4,4,4,2,4,4,3,4,3
514,18,2,"eagle scout","a teammate","a leader",6,6,6,2,1,6,6.5,2,7,6,4,6,4,6,6,6,4,7,1,5,4,3,5,2,2,2,5,1,1
515,18,1,"happy","my role as a teammate","my role in my family",6,6,6,6,4,6,6,6,6,6,6,6,6,4,6,6,6,6,2,5,5,2,4,1,4,5,3,5,5
516,19,1,"reflective","a friend ","an artist",7,7,7,7,7,7,7,7,7,7,7,5,7,7,7,6,7,7,3,6,3,6,5,2,5,6,6,6,2
517,19,1,"","a brother","a friend",3,4,6,5,5,4,4,4,5,6,5,6,6,6,5,5,4,5,2,4,4,3,5,4,3,1,5,2,2
518,18,2,"dedicated","a student","a friend",7,7,7,7,7,7,7,7,7,6,6,6,5,2,1,4,7,6,1,5,5,3,4,1,3,4,4,4,4
519,18,2,"compassionate","daughter","friend",5,5,5,6,6,6,6,5,5,5,6,5,5,6,6,5,5,6,1,5,4,3,5,2,1,2,4,1,2
520,20,2,"driven","a student","a friend",7,6,7,7,7,6,6,7,7,6,7,7,7,5,6,7,7,7,NA,NA,NA,NA,NA,NA,NA,NA,NA,NA,NA
521,NA,NA,NA,NA,NA,NA,NA,NA,NA,NA,NA,NA,NA,NA,NA,NA,NA,NA,NA,NA,NA,NA,NA,2,4,4,4,4,2,2,2,5,2,4
522,19,2,"contemplative","a person","a mathematician",4,6,7,6,3,2,5,1,4,6,7,6,4,2,2,3,1,7,2,4,2,2,4,1,2,1,2,3,2
523,19,1,"compassionate","a friend","a daughter",6,6,6,4,2,2,7,5,7,5,6,6,3,5,5,7,NA,6,2,5,4,3,4,2,2,3,4,4,4
524,18,2,"enthusiastic","student","friend",6,6,6,4,4,6,6,7,6,6,5,6,4,2,3,6,3,6,3,4,3,4,4,2,1,1,5,1,2
525,18,1,"imaginative","an introvert","a condfidante/friend",4,7,6,6,5,5,6,3,7,6,7,7,NA,6,6,6,4,7,4,4,1,5,4,5,1,1,5,4,4
526,18,1,"I constantly notice and attempt to analyze the world around me","a thinker","a companion",7,NA,6,NA,1,2,2,1,7,6,6,6,6,6,5,5,4,6,3,4,4,3,4,2,2,4,3,4,4
527,18,2,"open- minded","a friend","a student",5,5,7,5,3,4,7,3,7,5,6,7,7,6,6,6,6,6,2,4,4,4,4,2,2,3,5,NA,1
528,20,1,"ambitous","a student","a",7,4,7,7,6,6,6,6,5,NA,NA,NA,NA,NA,NA,NA,NA,NA,2,5,4,3,4,2,4,2,4,2,2
529,19,1,"trustworthy","a daughter","a friend",7,5,5,5,5,3,7,6,7,7,6,5,4,5,3,7,6,7,2,4,2,4,4,2,2,2,5,4,4
533,19,1,"cynicism","a daughter","a friend",6,2,1,4,7,5,2,4,5,7,6,7,NA,2,7,7,6,5,3,4,3,2,2,3,2,2,4,2,3
534,18,2,NA,NA,NA,NA,NA,NA,NA,NA,NA,NA,NA,NA,NA,NA,NA,NA,NA,NA,NA,NA,NA,NA,NA,NA,NA,NA,NA,NA,NA,NA,NA,NA
535,19,2,"kind","sister","friend",5,6,5,2,2,2,6,6,5,4,4,5,2,3,3,6,3,4,2,4,4,4,3,4,2,2,4,2,2
536,19,1,"caring","a daughter","a friend",2,2,6,3,1,2,6,6,7,7,5,6,6,7,7,6,5,7,3,4,4,4,5,4,3,3,4,3,4
537,18,2,"caring","a peer adviser","a friend",6,6,7,6,3,6,7,6,7,6,6,6,6,6,6,6,7,7,2,5,3,1,4,2,3,2,4,4,3
538,20,2,"","","",NA,NA,NA,NA,NA,NA,NA,NA,NA,NA,NA,NA,NA,NA,NA,NA,NA,NA,2,4,4,3,4,4,4,4,4,5,4
539,18,2,"intelligent","student","friend",5,3,6,6,6,5,7,7,7,3,5,3,2,5,3,5,3,4,2,4,3,2,5,5,2,4,5,4,4
540,20,2,"shoulder to cry on/ rock","friend","daughter",7,4,6,5,6,6,6,6,7,7,7,3,6,7,7,7,5,5,2,5,4,3,4,1,2,2,1,2,2
541,19,2,"hardworking","a student","a developing individual",5,6,5,5,7,7,7,7,6,6,6,3,3,6,7,4,5,4,2,4,4,NA,4,2,3,5,5,3,3
542,18,2,"integrity","a daughter","a friend",5,3,6,4,6,6,6,2,6,7,3,3,5,6,3,5,5,7,2,4,5,4,4,2,4,4,5,3,4
543,21,2,"friendly","romer","friend",7,7,7,7,7,7,7,7,7,7,7,7,7,7,7,7,7,7,1,5,4,2,4,2,4,3,4,4,4
544,19,2,"considerate","a friend","a teammate",4,4,5,5,6,5,6,6,5,4,5,5,4,6,6,5,5,4,NA,NA,NA,NA,NA,NA,NA,NA,NA,NA,NA
545,18,2,"hard working","a student","a friend",6,6,5,4,6,7,7,4,7,6,4,4,4,7,4,7,4,5,1,4,4,3,4,2,1,2,5,1,5
546,19,2,"caring","daughter","friend",4,6,6,4,7,7,5,7,7,7,6,5,7,1,4,7,6,7,1,5,4,3,2,3,3,3,4,4,4
547,19,2,"hardworking","son","student",6,6,6,6,2,5,6,6,7,6,6,6,5,3,6,6,6,7,2,5,4,2,4,4,4,4,3,2,2
548,18,2,"myself","son","a world-wide person",4,3,3,4,4,5,4,4,4,4,4,5,5,3,3,3,5,5,2,5,5,2,5,2,4,4,5,3,3
549,20,1,"determined","a student","an athelete",5,6,5,5,6,6,6,5,7,5,6,6,6,4,4,6,4,7,3,4,3,2,3,4,3,2,5,2,2
550,20,1,"genuine","a friend","leader",4,4,4,5,3,4,6,NA,6,5,5,5,NA,6,6,6,4,3,1,5,4,1,5,1,1,4,5,1,4
551,18,1,"very family ","daughter","sister",6,4,5,4,5,3,5,5,5,3,3,5,3,5,3,3,3,4,1,4,2,4,4,2,2,3,4,2,4
552,19,2,"introverted","a friend","a member of my sorority chapter",4,3,5,4,5,4,6,4,6,6,6,4,6,7,6,6,6,4,2,5,4,4,5,1,4,5,2,4,5
553,22,1,"loyal","student","friend",6,6,6,6,3,6,6,6,6,6,6,6,6,1,6,6,6,6,2,3,3,4,2,1,2,4,5,4,4
554,20,2,"empathetic","a friend","a student",6,5,7,4,5,5,6,3,7,6,6,5,5,3,4,5,4,4,3,5,5,1,5,1,4,2,4,4,4
555,18,2,NA,NA,NA,NA,NA,NA,NA,NA,NA,NA,NA,NA,NA,NA,NA,NA,NA,NA,NA,NA,NA,2,2,2,5,4,4,4,2,4,3,2
556,19,2,"hardworking","a student","a musician",3,5,3,2,2,2,3,4,5,7,7,6,7,3,7,7,6,6,2,4,4,4,4,2,2,2,4,2,4
557,19,1,"happy","brother","friend",4,5,6,4,5,4,5,5,7,5,3,4,2,3,1,5,3,7,2,4,2,3,5,1,2,7,5,4,2
558,20,2,NA,NA,NA,NA,NA,NA,NA,NA,NA,NA,NA,NA,NA,NA,NA,NA,NA,NA,NA,NA,NA,1,4,4,3,5,1,2,1,5,2,2
559,19,2,"loving","romantic partner","best friend",6,7,5,6,5,6,5,3,7,7,7,7,4,3,3,7,7,7,2,3,3,4,3,2,4,4,2,2,2
560,20,1,"genuine","a student","a friend",5,7,7,7,1,6,7,7,3,6,7,7,7,5,7,7,7,7,2,5,5,2,5,1,3,2,4,3,2
561,18,2,"honest","daughter","friend",4,4,4,4,4,4,4,4,4,4,4,4,4,2,4,4,4,4,1,4,4,3,5,2,1,3,4,2,4
562,18,1,"organized","a student","a family member",6,5,6,6,5,6,7,6,5,4,5,4,4,3,3,6,3,4,1,2,2,3,4,2,2,1,3,3,4
563,19,1,NA,NA,NA,NA,NA,NA,NA,NA,NA,NA,NA,NA,NA,NA,NA,NA,NA,NA,NA,NA,NA,1,2,4,1,5,1,1,1,5,1,1
564,19,1,"tolerance","a friend","role model",6,6,6,5,1,3,7,4,7,7,7,6,5,7,5,6,3,7,3,4,4,4,4,4,1,1,5,1,5
565,19,2,"hard- working","daughter","student",5,5,6,6,6,5,6,6,6,5,6,6,6,6,5,6,6,6,2,3,4,3,4,3,2,1,5,2,2
566,20,2,"","a friend","a student",7,6,7,7,6,7,7,6,6,7,5,6,7,7,7,6,7,5,1,3,5,4,4,3,3,5,2,3,5
567,18,2,"clever","a friend","a student",6,5,5,4,5,4,5,5,6,6,6,6,5,2,6,6,6,5,2,4,4,2,3,4,5,4,4,4,2
568,18,2,"strong","student","human being",5,5,7,4,5,6,5,5,NA,4,5,7,4,6,7,NA,5,1,4,4,4,4,3,1,2,3,5,2,2
569,18,1,"adaptable","athelete","student",6,5,5,3,3,5,6,3,6,6,6,7,6,6,6,6,5,5,2,3,4,2,4,1,2,3,5,3,4
570,19,1,"independent","friend","student",2,4,5,5,5,5,4,5,7,5,5,5,6,5,7,5,5,7,1,4,5,1,5,1,4,1,1,1,4
571,18,1,"committed","a friend","a student",6,6,6,5,6,5,5,6,6,4,5,4,5,6,6,6,6,5,2,4,4,2,4,3,2,1,4,1,2
573,19,1,"fun- loving","a student"," soccer player",5,5,5,5,5,4,4,3,4,5,5,6,4,2,5,5,4,4,2,4,3,3,4,1,1,1,5,3,2
574,19,1,"empathetic","friend","student",6,6,NA,5,3,5,6,6,7,6,6,6,6,6,6,6,6,2,2,4,3,4,4,1,1,1,1,1,4
575,18,1,"ambitious","an opera singer","a daughter",7,7,7,7,5,7,7,7,7,6,6,7,4,4,6,7,5,3,4,2,4,2,5,4,2,2,4,4,4
576,18,1,"fair","a friend","a woman",6,5,5,5,5,6,6,5,7,5,5,6,7,5,4,6,7,7,1,3,5,4,5,3,2,1,4,1,5
577,19,2,"","","",NA,NA,NA,NA,NA,NA,NA,NA,NA,NA,NA,NA,NA,NA,NA,NA,NA,NA,1,4,4,2,5,1,1,1,5,1,4
578,20,1,"kindness","a woman","a student",7,7,4,6,7,7,7,2,7,6,6,7,7,7,7,7,7,7,2,3,4,2,5,2,1,1,5,1,2
579,19,1,"imaginative","a student","a writer",4,4,6,5,7,3,7,4,6,3,4,5,3,2,3,4,2,6,2,4,3,2,5,5,2,1,4,2,3
580,19,1,"sensitive","a friend","a stranger",3,4,5,6,7,7,4,4,4,6,4,5,7,4,6,7,6,6,1,4,4,1,5,1,1,1,5,1,1
581,19,1,NA,NA,NA,NA,NA,NA,NA,NA,NA,NA,NA,NA,NA,NA,NA,NA,NA,NA,NA,NA,NA,2,4,4,2,4,4,1,1,5,2,1
582,20,1,"organized","student","athlete",6,6,6,5,6,3,6,3,6,6,3,6,3,5,2,6,2,3,1,3,5,2,4,1,3,3,2,4,5
583,18,2,"hardworking","a student","a girfriend",7,7,7,6,6,7,7,7,7,7,5,6,5,5,3,6,4,5,3,4,4,4,4,2,1,1,5,1,4
584,18,2,"Reflective","a human","a friend",6,5,6,7,2,6,5,5,6,5,5,6,5,5,4,6,5,4,2,4,4,3,4,4,2,2,5,2,3
585,18,1,"loving","a friend","a dog owner",5,4,6,4,5,4,6,3,7,4,2,5,1,2,2,4,1,5,1,3,5,3,5,1,5,3,4,5,5
586,18,1,"I'm kind & very help when I have the chance","a friend","a citizen",4,4,6,2,2,2,5,3,6,7,6,6,5,2,3,6,5,6,1,4,4,2,5,1,2,2,4,3,4
587,18,2,"Able to adpat to change","student","boyfriend",5,6,6,5,4,4,6,5,7,6,7,6,4,4,3,7,2,7,2,4,3,2,4,2,5,3,4,2,3
588,18,1,"Kindness","a friend","a role model",7,6,7,6,3,6,6,3,7,7,4,7,4,5,6,6,6,6,3,4,3,2,4,1,4,5,5,3,5
589,19,2,"open-minded","a friend","citizen in society",5,5,5,3,5,5,4,5,7,3,3,4,5,5,3,5,5,4,1,3,4,3,4,2,2,2,4,4,1
590,19,2,"honest","a friend","a daughter",6,5,6,3,3,5,6,5,6,6,5,5,3,6,6,5,6,5,2,5,4,2,4,5,1,2,4,2,1
591,18,1,"passionate","student","fan",7,6,7,3,7,5,6,6,6,2,7,2,2,3,3,7,2,2,1,5,4,2,4,5,2,1,4,2,3
592,18,2,"honest","a student","a friend",5,4,6,3,5,3,3,4,4,5,3,6,3,1,1,5,4,7,1,5,3,3,4,1,4,4,4,4,4
593,19,2,"Kindness","friend","brother",7,7,4,6,7,7,7,7,7,7,7,4,6,7,7,7,7,7,1,4,4,2,4,1,1,1,1,2,1
594,18,1,"genuine","daugther","friend",6,5,7,7,7,4,7,7,6,6,4,7,5,6,5,6,6,7,2,3,3,2,4,3,1,2,5,2,4
595,19,1,"reliable","a friend","a sister",6,3,6,2,6,6,6,4,6,7,6,4,7,7,7,6,7,7,2,3,1,1,2,3,2,3,2,3,4
596,18,1,"kind","family member","childhood teacher",7,6,7,7,1,3,4,7,7,7,6,7,7,2,5,6,7,7,2,4,4,3,5,2,1,4,5,1,5
597,21,1,"creative","a wife","an individual",6,7,6,7,6,5,6,6,7,6,7,5,7,3,4,5,2,7,1,5,5,2,5,1,2,1,4,4,4
598,19,1,"quirky","brother/family member","friend",4,4,5,4,4,4,5,4,4,5,5,5,5,5,5,5,5,5,2,5,5,2,5,4,4,4,4,5,4
599,18,2,"hard-working","a student","a friend",6,6,6,6,6,6,7,6,7,6,6,6,6,6,6,6,6,5,3,3,3,4,3,4,1,2,5,2,2
600,18,1,"understanding","camp couselor for special needs","dance captain",6,4,6,4,2,6,7,5,7,6,5,7,5,3,7,7,5,5,1,3,5,3,5,1,2,1,5,1,4
601,19,2,"good-natured","my role as a friend","my  role as a son",2,5,5,5,2,2,3,4,6,3,5,6,6,5,3,6,6,6,2,4,3,1,5,2,1,5,5,2,1
602,19,1,"passionate","sister","student",6,5,3,4,6,4,5,4,4,7,6,6,5,6,6,5,5,6,1,4,4,1,4,2,1,1,5,1,1
603,19,2,"loyal","a friend","a son",6,6,6,4,6,6,7,6,7,6,6,6,4,6,6,7,6,7,1,5,5,2,5,1,4,2,4,4,4
604,19,1,"loyalty","daughter","friend",6,7,6,2,5,2,7,5,7,6,7,4,4,6,4,7,6,7,2,4,5,4,5,3,3,5,4,4,5
605,18,1,"sociable","a friend","a son",4,7,7,7,3,3,7,5,7,3,2,7,7,2,2,2,7,7,1,5,4,4,4,2,2,1,4,2,2
606,19,2,"","a sister","a best friend",7,5,5,5,2,5,7,7,7,7,5,5,5,4,5,7,7,7,1,5,2,4,5,2,1,2,5,1,2
607,19,2,"being a good person (kindness?)","friend","daughter",6,6,6,4,4,5,6,4,6,3,3,1,NA,4,4,4,5,4,2,5,4,2,4,1,4,4,3,5,4
608,19,1,"Objectivity","my role as a sister","a friend",6,4,6,7,6,5,5,5,7,6,4,5,5,6,6,6,5,6,4,4,2,5,2,2,4,4,4,4,4
609,19,2,"postive","a son","a friend",6,7,6,6,5,3,7,6,6,7,7,6,6,4,5,7,6,6,2,5,3,2,5,3,1,1,5,2,2
610,20,2,"extrovered","friend","student/journalist",6,5,5,4,3,5,5,5,7,5,6,5,6,6,7,6,6,5,2,5,5,4,4,2,1,1,5,1,1
611,20,2,"thoughtful","student","friend",5,6,5,6,6,6,5,4,5,5,4,6,5,7,3,5,5,6,1,5,5,4,4,1,2,1,5,2,2
612,18,1,"genuineness","a friend","a student",5,5,5,3,5,5,5,4,6,6,6,6,6,6,6,6,6,5,2,4,4,4,4,4,2,2,3,2,4
613,18,2,"gregarious","student","friend",5,6,6,7,7,5,6,7,6,7,7,7,7,7,7,7,7,7,1,5,4,2,5,1,4,2,5,2,2
614,19,1,"loyalty","a friend","a son",6,6,7,5,6,6,6,4,7,4,1,4,1,1,1,5,1,7,4,2,4,3,5,4,2,2,4,2,1
615,20,1,"level-headed","a son","a fraternity member",2,2,6,3,5,4,4,5,5,6,7,7,7,7,7,7,4,6,4,4,3,4,5,4,2,1,5,2,4
616,18,1,"silly","sister","girlfriend",6,4,5,3,5,3,4,4,6,5,4,4,3,5,3,4,4,5,1,5,5,2,5,1,5,5,3,5,5
617,18,2,"understanding","daughter","student",5,5,4,5,5,5,6,6,5,5,6,6,6,5,5,6,6,2,1,5,4,2,5,2,1,2,5,1,2
618,19,2,"put-together","leading a school club","student",5,5,4,4,7,5,4,4,6,5,4,5,5,6,5,5,4,4,4,5,4,5,4,1,2,2,5,4,1
619,18,2,"outgoing","friend","team member",6,6,5,6,6,7,5,7,6,5,6,6,5,3,6,5,6,5,2,5,5,3,4,1,3,4,5,3,4
620,18,2,"empathetic","friend ","daughter",4,3,4,3,2,3,5,3,6,4,3,5,4,5,3,4,5,5,1,5,4,3,4,1,1,1,5,1,4
621,19,1,NA,NA,NA,NA,NA,NA,NA,NA,NA,NA,NA,NA,NA,NA,NA,NA,NA,NA,NA,NA,NA,3,5,4,3,3,1,4,4,4,3,4
622,19,2,"passionate","student","close friend",4,5,6,6,6,6,6,5,5,6,6,6,5,6,5,6,6,6,1,4,4,1,5,1,4,2,4,3,2
623,18,2,"funny","the funny person","the level headed person",6,4,5,4,2,2,5,4,6,6,5,5,5,5,2,5,2,6,2,3,4,2,4,4,2,1,4,2,1
624,19,1,"responsible","student","daughter",6,5,7,5,7,7,6,7,6,6,6,7,3,5,5,6,4,6,1,5,4,1,5,2,1,1,4,1,4
625,18,1,"alacrity","student/leader","friend",5,7,7,7,5,NA,6,6,7,7,5,6,4,5,7,7,6,5,NA,NA,NA,NA,NA,NA,NA,NA,NA,NA,NA
626,18,1,"curious to learn","student","friend",6,6,6,5,7,5,6,5,7,4,6,6,5,6,5,5,5,4,2,4,4,2,4,2,4,4,3,4,4
627,20,1,"emphaty","friend","team member",5,6,6,5,4,5,6,7,6,7,7,6,NA,6,6,7,7,6,3,3,4,3,3,3,2,2,4,2,2
628,19,1,"honest","girlfriend","student",4,5,6,5,7,5,7,4,6,5,6,6,6,6,6,6,6,6,3,4,5,3,4,2,5,4,5,3,2
629,18,2,"loud","friend","student",6,6,6,6,6,6,6,6,6,6,6,6,6,6,6,6,6,6,NA,NA,NA,NA,NA,NA,NA,NA,NA,NA,NA
630,18,2,"curiosity","student","friend",5,5,5,5,4,5,6,5,7,4,4,5,4,5,5,3,5,5,NA,NA,NA,NA,NA,NA,NA,NA,NA,NA,NA
631,19,1,"","student ","friend",7,7,3,5,7,7,6,4,4,7,7,7,7,7,7,7,5,5,1,3,4,2,5,2,2,2,4,3,4
632,18,2,NA,NA,NA,NA,NA,NA,NA,NA,NA,NA,NA,NA,NA,NA,NA,NA,NA,NA,NA,NA,NA,NA,NA,NA,NA,NA,NA,NA,NA,NA,NA,NA
633,20,1,"ambition","student","basketball player",7,7,7,7,2,7,7,7,7,7,7,7,7,1,1,7,7,7,2,4,3,4,4,2,3,1,5,2,4
634,19,1,"determined","student","friend",6,6,6,6,6,6,6,6,6,6,6,6,6,7,NA,6,6,6,1,4,4,4,5,1,2,2,5,1,4
635,18,2,"funny","friend","improv actor",5,5,6,5,5,5,6,5,7,5,4,5,2,5,5,6,3,7,1,4,3,1,4,1,3,4,4,4,5
636,20,2,"considerate (or worrisome)","fun friend","concerned friend",5,5,4,4,6,4,5,3,4,6,3,4,3,6,6,7,7,7,4,4,2,2,4,4,1,1,1,1,5
637,19,2,"empathetic","friend","sister",7,7,7,7,6,6,7,7,7,7,7,7,NA,6,6,7,7,7,2,5,4,2,5,1,1,5,5,2,2
638,23,1,"fair","friend","journalist",5,4,5,4,5,4,5,3,3,6,6,6,6,6,5,6,6,6,2,4,4,2,5,1,5,5,5,5,5
639,21,2,"odd","sister","friend",5,3,5,5,6,3,3,5,7,6,4,6,5,6,6,5,6,5,2,5,4,3,5,1,2,1,4,2,4
640,18,2,"funy","writer","friend",7,7,7,7,3,2,5,2,6,6,6,6,5,1,5,6,6,6,1,4,4,3,2,4,2,1,5,4,2
641,18,1,"","family person","student",NA,NA,NA,NA,NA,NA,NA,NA,NA,NA,NA,NA,NA,NA,NA,NA,NA,NA,4,2,3,4,3,5,5,5,3,4,5
642,18,2,"Independent ","daughter","student",4,3,4,4,5,4,4,3,6,6,7,6,7,7,7,7,5,6,NA,NA,NA,NA,NA,NA,NA,NA,NA,NA,NA
643,18,1,"calm","student","friend",5,1,5,2,6,6,5,4,5,5,1,5,2,6,6,5,4,5,1,5,3,4,4,2,2,1,4,3,3
644,20,1,"loyal","son","student",6,6,5,5,6,6,5,5,7,4,4,3,5,7,3,5,4,6,4,4,5,2,3,1,2,4,5,3,3
645,22,2,"compassionate","friend","teacher (dance)",5,6,6,NA,3,6,7,5,6,6,6,6,5,3,5,7,4,6,3,3,3,3,3,3,3,3,3,3,3
646,18,2,"kind","a friend","a student",NA,NA,NA,NA,NA,NA,NA,NA,NA,NA,NA,NA,NA,NA,NA,NA,NA,NA,2,5,4,5,4,4,1,1,2,3,5
647,18,2,"happy","a friend","a student",4,7,7,5,2,6,6,7,7,3,3,7,5,7,5,2,7,4,1,4,5,3,4,1,4,2,2,4,5
648,19,2,"helpfulness","a friend","a citizen",5,6,6,5,6,7,7,7,6,3,3,4,2,2,2,4,6,6,1,5,5,3,4,3,2,3,4,2,2
649,19,2,NA,NA,NA,NA,NA,NA,NA,NA,NA,NA,NA,NA,NA,NA,NA,NA,NA,NA,NA,NA,NA,1,3,4,2,4,4,1,1,4,2,4
650,19,2,"confidence","student","daughter",6,7,6,7,4,6,7,6,6,4,5,5,3,6,6,4,4,4,NA,NA,NA,NA,NA,NA,NA,NA,NA,NA,NA
651,19,2,"compassionate","friend","boyfriend",4,4,5,3,2,5,4,4,5,5,5,6,4,5,5,6,5,6,2,4,4,2,5,1,1,1,1,1,4
652,21,1,"humorous","a friend","a girlfriend",4,3,6,6,5,3,3,6,6,7,5,4,5,4,5,7,5,7,1,2,4,5,2,4,1,2,4,3,4
653,21,2,"honesty","student","son",7,7,7,7,1,7,7,7,7,5,5,6,6,1,1,6,6,7,4,4,4,4,2,2,1,2,4,3,3
654,19,2,"always striving for happiness","lover for my girlfriend","emotional supporter for my family",7,7,7,7,2,6,7,7,7,7,7,7,7,2,6,7,7,7,2,2,4,4,3,4,1,1,5,1,3
655,19,2,"idealistic","a leader","a learner",7,6,6,5,5,7,4,6,6,5,6,5,6,6,7,6,6,6,3,4,4,3,2,5,4,4,3,3,4
656,19,2,"extrovert ","daughter","friend",3,5,7,4,1,1,5,7,7,6,6,6,6,6,6,5,6,6,2,5,4,3,4,2,2,2,4,2,4
657,18,1,NA,NA,NA,NA,NA,NA,NA,NA,NA,NA,NA,NA,NA,NA,NA,NA,NA,NA,NA,NA,NA,1,5,4,1,5,1,1,1,4,1,3
658,19,2,"honest","friend","sibling",5,6,6,4,2,NA,7,6,6,4,4,5,4,6,6,4,4,3,1,4,5,4,5,2,1,1,5,1,4
659,18,2,"hard-working","student","",5,5,6,7,4,5,6,6,6,NA,NA,NA,NA,NA,NA,NA,NA,NA,2,4,4,2,5,2,2,1,1,2,4
660,18,2,"forgiving","(Idle)","(Idle)",NA,NA,NA,NA,NA,NA,NA,NA,NA,NA,NA,NA,NA,NA,NA,NA,NA,NA,2,4,3,2,4,4,4,3,4,4,4
661,18,2,"compassionate","a friend","a student",7,7,6,7,5,6,6,7,7,5,3,4,3,1,7,4,5,5,3,4,3,4,4,3,2,4,3,2,5
662,20,1,"reliable ","a friend","a student ",6,5,5,3,5,5,4,6,7,3,4,5,7,6,5,5,5,4,1,4,4,1,5,2,5,5,5,5,5
663,18,1,"reflective","brother","student",6,6,6,6,7,6,6,6,4,5,5,4,5,4,5,7,5,6,4,5,4,4,4,2,2,2,3,4,4
664,21,1,"Independent ","a friend","a theater technician",3,6,6,5,1,4,5,5,7,5,4,5,4,6,6,5,4,5,3,4,3,2,5,4,4,4,3,4,4
665,18,2,"understanding","a friend","a boyfriend",6,2,7,2,1,2,5,2,7,6,6,7,5,6,4,6,5,7,1,5,4,2,5,2,2,3,5,3,2
666,21,1,"sincere ","a friend","a student",6,4,6,4,5,5,5,5,7,6,7,5,5,6,6,6,6,5,2,5,5,2,5,4,1,2,4,2,2
667,19,1,"motivated","an actor","an employee",5,7,5,7,6,5,7,3,6,5,3,4,1,5,3,6,5,5,4,4,5,4,4,5,2,2,3,4,5
668,19,1,"open-minded","a student","a person developing myself",4,5,6,6,6,6,6,5,7,5,5,4,5,7,5,2,4,7,5,5,5,1,5,2,5,5,2,5,5
669,18,2,"loyal ","student","friend",6,6,6,6,7,6,6,6,3,5,6,6,5,5,5,6,6,7,1,4,5,2,5,2,4,2,4,4,5
670,18,1,"intelligent","student","friend",7,7,7,7,5,3,7,7,7,7,6,7,2,7,7,7,7,7,1,3,5,1,5,3,1,1,5,1,4
671,18,1,"curious","student","a human being",6,6,6,6,6,7,6,6,7,6,6,6,7,6,6,6,6,7,1,5,4,3,5,3,2,2,4,4,4
672,20,2,"reliabe","son ","friend",4,4,7,4,2,5,7,5,7,5,4,4,4,1,4,6,4,6,2,4,4,2,5,2,4,4,3,4,4
673,19,2,"Inclusive","friend ","teammate",6,6,6,6,5,5,6,6,6,7,5,6,5,5,5,5,5,7,1,3,3,3,4,3,2,2,4,2,2
674,20,1,"determined","a student","a friend",5,7,6,7,7,5,6,7,7,3,5,4,4,6,4,4,5,5,2,5,4,5,4,1,4,4,2,4,5
675,19,1,"cautious","a student","friend",6,7,6,5,7,7,6,6,5,7,7,5,6,7,7,5,6,5,2,5,5,3,4,1,2,4,4,3,4
676,18,2,"apathy","son","student",3,3,2,2,4,3,3,3,5,4,4,4,4,6,3,5,4,6,2,5,5,2,4,1,1,1,5,1,1
677,19,2,"nice","a friend","a lover",6,6,5,5,6,6,6,6,6,4,4,4,4,4,4,4,4,4,4,4,4,5,4,3,1,1,5,2,2
678,20,1,"laid back ","a student","a sister",2,3,7,4,5,6,7,6,6,4,7,6,3,6,4,4,7,3,1,4,4,2,4,1,4,3,3,4,4
679,20,1,"unique","a friend","a musician ",7,7,6,6,6,5,6,7,7,7,6,7,7,7,5,6,5,7,1,3,2,5,4,5,5,4,5,4,3
680,20,1,"individualistic","student","global citizen",3,6,7,3,2,2,5,3,2,6,7,7,7,4,6,7,7,6,2,5,5,2,3,1,5,4,4,4,4
681,18,1,"intelligence","a student","a friend",7,6,6,7,5,6,7,7,7,4,5,5,4,2,1,6,5,5,1,5,5,2,4,1,5,5,4,5,5
682,20,1,"supportive","an uncle","a friend",6,5,4,6,6,6,5,6,6,6,6,6,5,5,6,5,5,5,3,5,5,2,5,4,4,5,2,3,5
683,18,2,"caring","older sister","friend",7,5,6,3,2,3,6,6,7,6,6,6,4,2,3,6,6,6,2,4,4,2,5,2,1,2,5,1,1
684,18,2,"creative","a student","a boyfriend",5,6,7,6,5,4,6,6,7,7,6,6,7,7,7,6,6,4,2,5,3,2,4,1,3,3,5,4,3
685,18,1,"easy-going","a son","a student",7,5,7,5,2,7,7,5,6,7,7,6,6,7,7,6,7,4,2,5,5,2,5,3,1,1,4,4,3
686,19,2,"","a sister","a friend",5,2,6,4,2,2,4,4,5,6,6,6,5,6,6,6,5,6,3,4,2,5,3,2,2,2,5,2,3
687,20,1,"fun-loving","a friend","a professional",6,6,6,6,4,5,6,5,6,6,6,6,6,6,6,6,6,6,2,4,4,3,4,2,1,1,5,1,3
688,18,1,"persistent","student","girlfriend",5,5,5,5,5,5,5,6,4,5,6,6,6,2,6,6,6,6,2,4,4,1,4,4,4,4,2,4,4
689,19,2,"responsible","the oldest of 5 kids","a friend",4,6,6,4,4,4,6,4,7,4,4,6,4,2,2,5,4,7,4,2,4,3,2,5,4,4,4,3,5
690,19,2,"theatrical","NU student","family member",7,7,7,7,6,7,7,7,6,4,4,7,6,6,5,4,3,6,1,5,4,1,5,1,1,1,5,1,2
691,18,2,"committed","tubist","family member",6,7,7,7,4,3,6,7,7,4,4,6,5,5,5,6,6,6,2,5,5,2,5,1,2,4,4,3,3
692,34,1,"aware","a brother ","an employee",3,3,5,2,2,3,4,4,5,5,5,5,5,6,6,5,5,6,4,2,4,5,3,4,4,4,4,4,4
693,19,2,"trustworthy","a friend","a stranger",7,6,7,4,2,7,7,7,7,3,5,5,7,5,5,5,6,5,2,5,5,1,4,2,1,1,5,1,4
694,18,2,"sympathetic","a human ","a girlfriend",6,7,5,6,6,6,6,6,6,6,6,5,6,6,6,6,6,6,3,4,4,2,5,2,1,2,5,1,2
695,19,2,"empathetic/compassionate","a friend","a daughter",5,5,NA,NA,3,5,4,6,5,5,5,5,3,NA,5,2,6,NA,3,4,3,5,3,5,4,5,5,5,4
696,18,2,"loyal","boyfriend","son",7,7,7,7,2,5,7,7,7,3,2,5,3,3,2,4,2,3,2,4,5,2,5,2,2,3,4,3,3
697,18,2,"religiously inclined","as a musician","as a son/brother",6,6,7,6,6,6,6,6,5,6,6,6,5,7,6,6,6,7,2,3,3,2,4,1,2,4,4,4,4
698,18,2,"intelligence","husband","father",5,4,3,5,6,6,5,5,3,6,5,6,6,7,6,5,6,3,4,4,3,3,4,5,4,5,2,4,4
699,20,2,"charming to others","a classmate, teammate","a friend",6,4,4,7,6,7,5,7,6,6,4,4,7,6,7,5,7,6,1,4,3,4,4,2,4,5,1,1,5
700,18,2,"confident","volleyball player","friend",6,7,7,7,5,7,7,7,7,7,7,7,7,5,7,7,7,7,2,5,3,2,5,1,1,2,5,1,5
701,19,2,"invested","a student","a varsity athlete",7,7,7,7,7,7,7,7,7,7,7,7,7,7,7,7,7,7,1,5,3,2,5,2,2,2,4,4,4
702,18,1,"innovative","a researcher","a mentor",7,6,6,7,6,5,6,7,7,5,6,5,4,6,5,6,5,4,2,3,4,2,4,2,2,1,5,3,3
703,20,2,"","","",NA,NA,NA,NA,NA,NA,NA,NA,NA,NA,NA,NA,NA,NA,NA,NA,NA,NA,2,4,4,2,4,2,3,4,4,4,4
704,19,1,"independent","a daugther","a student",6,7,5,5,7,7,6,7,3,7,7,6,7,1,7,7,7,5,2,4,4,2,4,2,1,1,4,2,1
705,18,1,"open-minded","brother","friend",7,5,5,6,6,3,5,5,5,6,4,6,6,5,4,6,5,7,1,5,4,2,4,1,5,5,5,5,4
709,18,1,"accepting","a student","a friend",7,6,7,NA,7,6,6,5,1,7,2,7,5,5,6,6,6,7,4,2,3,5,3,4,2,2,4,4,4
710,18,2,"witty","friend","roomate",4,4,4,4,4,4,4,4,4,4,4,4,4,4,4,4,4,4,1,4,5,2,4,1,2,1,5,1,1
711,18,2,"dedicated","a swimmer","a student",4,6,6,NA,6,5,6,6,7,7,7,7,7,7,7,7,7,7,1,5,5,2,5,1,1,2,5,4,4
712,19,2,"individual","person","student",6,3,4,3,5,3,6,6,7,3,5,6,3,6,5,6,4,4,2,4,4,2,5,2,4,3,4,4,4
713,20,1,"hopeful","mentor","student",6,6,6,6,6,6,6,6,6,6,6,6,6,6,6,6,6,6,4,4,4,5,4,5,4,4,2,4,5
714,19,2,"insightful","daughter","student",2,3,5,3,3,2,6,6,6,7,5,6,7,7,7,6,6,6,2,4,5,3,5,1,2,1,5,4,2
715,20,1,NA,NA,NA,NA,NA,NA,NA,NA,NA,NA,NA,NA,NA,NA,NA,NA,NA,NA,NA,NA,NA,NA,NA,NA,NA,NA,NA,NA,NA,NA,NA,NA
716,19,1,"confident","student","friend",5,4,5,5,5,5,5,5,6,4,5,5,4,5,5,5,5,5,4,4,4,2,6,3,4,4,3,4,4
717,20,1,"independently self-confident","a friend","a student",5,4,5,4,5,4,5,4,4,6,6,6,6,6,6,6,6,6,1,4,5,2,5,2,5,5,1,4,5
718,18,1,"thoughtful","a friend","a daugther",5,5,6,3,4,3,6,6,6,5,4,5,3,5,4,3,4,4,3,4,3,3,4,2,3,2,5,2,2
719,18,2,"creative","student","artist",6,6,6,6,5,4,6,5,7,7,6,6,6,4,4,5,4,7,1,4,4,1,4,3,1,1,5,1,2
720,18,1,"compassionate","a roomate","a friend",4,5,5,3,2,2,3,3,6,5,5,5,5,6,7,6,6,7,3,4,4,4,3,4,2,2,4,3,4
721,19,2,"intuitive","a friend/girlfriend","a student",6,7,7,6,6,7,5,7,7,7,7,7,7,5,5,7,7,4,NA,NA,NA,NA,NA,NA,NA,NA,NA,NA,NA
722,19,2,"","student","friend",7,7,7,5,6,7,7,5,5,7,5,3,3,4,5,6,4,7,1,4,4,5,4,2,1,1,2,4,5
723,19,2,"optimistic","a friend/companion","a mentor",7,7,7,6,4,1,7,7,7,7,7,7,6,4,1,7,7,7,4,2,3,4,4,5,1,1,4,2,4
724,20,1,"honest","friend","student",5,5,5,3,2,4,5,5,6,5,5,4,4,6,5,4,4,4,3,5,4,3,4,2,5,5,4,5,5
725,18,2,"caring","daugther","friend",5,5,5,4,6,5,4,4,5,4,5,5,4,5,5,5,5,5,2,4,4,5,5,4,5,4,5,4,4
726,19,1,"independent","a sister","a friend",5,6,7,7,7,7,6,7,7,7,6,7,6,7,6,6,6,7,3,5,4,2,4,2,2,4,5,4,4
727,19,2,"sense of humor","a friend","a brother",2,2,6,2,1,2,6,5,7,2,3,5,2,3,4,5,6,6,2,3,5,3,4,2,2,2,5,2,4
728,19,2,"Driven","a student","a friend",7,7,7,6,6,5,6,7,7,4,5,5,5,6,4,5,6,5,2,4,5,2,4,4,4,2,4,3,4
729,18,1,"Kind-hearted","friend","student",7,6,6,6,5,4,6,6,7,3,3,5,7,7,7,4,3,7,2,5,2,4,4,2,1,1,1,1,3
730,18,2,"caring","a friend","a daugther",6,6,4,5,6,6,6,6,5,6,6,4,6,6,6,7,6,6,2,5,3,2,5,1,5,4,5,4,5
731,18,2,"resiliant","student","friend",4,5,4,5,6,6,5,5,5,5,3,2,2,2,4,3,2,2,2,3,4,4,4,3,1,5,3,3,2
732,18,2,"tenacious","teacher","student",7,6,6,5,5,5,7,6,5,7,6,6,5,6,5,7,6,6,2,5,4,3,5,3,4,3,4,4,4
733,18,1,"analytical","worker","partner",7,6,6,7,7,7,5,5,7,7,7,1,7,6,7,6,6,3,3,4,4,1,4,1,4,1,4,3,2
734,21,1,"Genuine","friend","cheerleader",5,6,6,6,5,5,6,4,6,5,6,6,3,5,7,6,4,5,1,5,5,1,5,1,4,1,5,1,1
735,18,1,"compassionate","friend","student",3,4,4,NA,3,5,5,5,5,3,5,5,5,5,5,5,5,5,3,5,5,4,4,2,3,2,4,3,5
736,18,2,"over thinker","older brother","a person",7,7,5,6,7,7,6,6,5,6,6,6,6,6,5,5,7,6,2,4,3,2,4,3,1,2,5,1,3
737,20,1,"ambitious","daughter","friend",4,5,7,5,6,7,6,5,7,6,5,6,4,5,4,6,5,7,1,4,3,4,4,5,3,3,3,2,1
738,20,1,"dedication","friend","student",7,7,7,6,6,7,7,3,7,7,7,6,7,7,7,7,7,7,NA,NA,NA,NA,NA,NA,NA,NA,NA,NA,NA
739,20,2,"integrity","student","friend",3,5,6,4,6,5,6,4,6,3,3,6,3,5,5,6,4,6,2,5,3,3,4,1,2,2,5,2,4
740,20,1,"","","",NA,NA,NA,NA,NA,NA,NA,NA,NA,NA,NA,NA,NA,NA,NA,NA,NA,NA,2,4,5,2,4,4,3,2,5,2,4
741,20,1,"hardworking","student","athlete",6,6,6,5,6,6,6,3,7,6,6,6,3,3,3,7,2,7,2,2,4,2,3,2,1,4,3,4,4
742,20,1,NA,NA,NA,NA,NA,NA,NA,NA,NA,NA,NA,NA,NA,NA,NA,NA,NA,NA,NA,NA,NA,NA,NA,NA,NA,NA,NA,NA,NA,NA,NA,NA
743,19,1,"mindful","friend","student",7,5,6,6,6,7,7,6,4,7,5,5,6,7,6,6,4,7,NA,NA,NA,NA,NA,NA,NA,NA,NA,NA,NA
744,20,2,"Integrity","son/brother","student",5,5,6,6,5,5,5,6,6,6,7,6,6,6,7,6,6,6,2,5,3,3,3,4,4,2,4,4,2
745,20,2,"Christian","student","daughter",6,7,5,7,6,7,6,5,4,4,6,5,5,3,4,4,3,7,2,3,4,2,5,2,1,1,5,1,3
746,18,2,"caring","daughter","student",4,7,5,6,7,7,5,7,7,7,7,5,7,7,7,7,6,4,2,3,2,5,2,3,4,5,5,4,5
747,19,2,"","student","girlfriend",7,6,7,7,7,7,7,6,7,6,7,7,6,5,7,6,1,1,1,4,4,4,5,3,2,4,5,3,5
748,18,2,"insightful","student","friend",7,7,7,7,7,7,7,7,7,5,5,5,5,4,5,5,5,5,2,5,3,3,5,1,1,3,5,1,3
749,18,2,"loyalty","friend","coworker",6,6,6,6,6,6,6,6,7,5,2,4,3,5,6,3,3,2,2,4,3,3,4,2,2,1,5,4,2
750,19,2,"organized","student","club leader",5,6,6,7,6,5,6,6,5,5,4,6,6,3,3,5,3,5,3,5,4,5,5,2,4,5,4,4,5
NA,NA,NA,"caring","family member","friend",6,6,6,6,3,6,7,6,6,7,6,6,6,6,6,6,6,6,NA,NA,NA,NA,NA,NA,NA,NA,NA,NA,NA
NA,NA,NA,"","student","daughter",5,5,6,6,5,4,5,6,6,5,3,5,5,4,3,3,NA,4,NA,NA,NA,NA,NA,NA,NA,NA,NA,NA,NA
11,22,2,"stubborn","Student","Daughter",6,5,5,6,6,6,5,5,7,5,5,5,6,5,3,5,5,6,2,4,4,4,4,4,5,4,2,4,4
NA,18,1,"Compassionate","Brother","Friend",5,6,6,6,5,6,3,6,7,6,7,6,7,6,6,5,7,7,1,5,5,2,5,1,4,5,5,4,5
5,21,2,"spiritual","Church member","Resident Assistant",6,7,6,6,3,7,6,7,7,7,7,7,7,3,3,7,7,7,1,4,4,1,5,1,4,4,4,4,2
NA,20,2,"Musical","a clarinet player","a friend who often breaks into song",6,6,7,6,6,6,6,6,7,4,4,4,4,4,4,4,4,6,3,4,4,4,3,1,2,4,4,2,5
NA,20,2,"athlete","team member/captain","student",5,6,5,6,7,6,6,7,7,3,2,7,5,2,6,6,2,5,2,2,4,2,5,2,2,4,4,2,2
NA,19,2,"Organized","my role as a student","my role as an organization leader",5,6,7,7,5,5,6,7,7,6,6,6,6,2,6,7,6,7,2,4,4,2,5,2,1,1,5,1,2
NA,26,2,"Empathetic ","As a future audiologist ","As community outreach coordinator for a student organization ",6,6,6,5,3,5,6,6,5,6,5,6,6,2,5,6,5,6,2,4,4,2,4,3,3,2,4,2,2
3,21,2,"Kind","Mentor","girlfriend",6,4,6,4,6,7,6,6,7,5,5,7,7,3,3,6,5,7,1,4,5,2,5,1,2,2,5,2,3
NA,26,2,"friendly","advisor in a leadership position","friend",6,6,6,6,4,5,6,6,6,4,4,4,4,4,5,4,5,7,2,4,4,4,4,1,1,1,5,1,1
NA,21,2,"Loyalty","A daughter","A friend",4,3,3,3,5,5,3,3,5,6,5,5,4,7,5,5,5,7,2,4,4,2,4,2,2,2,2,3,3
6,20,2,"Empathetic","girlfriend","GUI developer",7,3,7,5,5,5,7,5,7,7,6,7,6,4,7,7,6,4,3,5,4,2,5,2,2,2,5,4,4
NA,20,2,"independent","student","part of my friend group",4,3,6,6,6,6,5,5,5,7,7,7,6,3,2,7,3,7,2,4,5,2,5,1,2,2,4,3,5
NA,22,2,"Loyal","a daughter","a friend",5,5,7,4,3,5,6,6,5,5,7,6,5,7,5,6,7,7,2,4,4,3,4,3,1,1,5,1,2
4,21,1,"relaxed","student","volunteer",2,6,5,5,6,6,6,6,6,6,6,6,6,2,3,6,6,6,2,4,4,2,4,4,4,4,2,4,4
NA,20,2,"independent","sister","student",6,2,6,6,7,7,7,7,2,6,4,7,7,7,7,7,7,2,2,4,5,4,5,2,4,2,4,4,5
NA,21,2,"Supportive","Girlfriend","Best Friend",7,7,6,7,7,6,6,5,7,5,7,7,4,1,1,4,4,7,3,5,3,5,4,5,2,4,5,3,4
NA,26,1,"persistent","my role as a student","my role as a teacher",3,3,4,3,3,4,3,3,3,4,5,3,2,3,4,4,3,2,1,3,4,3,4,3,2,3,2,3,2
NA,19,1,"pride","son","student",3,4,5,6,5,5,6,7,4,4,6,5,5,5,6,6,6,5,4,4,4,4,2,4,4,4,2,4,5
NA,21,1,"Dedicated","A friend.","An artist.",4,5,5,3,6,5,4,4,6,5,5,2,3,5,5,4,4,6,3,4,4,3,4,3,1,2,4,2,1
NA,21,2,"Funny","Daughter","Artist",1,1,7,5,1,1,5,7,7,7,7,7,6,7,5,2,5,2,1,5,5,1,5,1,4,4,4,2,4
NA,22,2,"Organized","Student","Girlfriend",6,6,6,6,6,6,6,6,7,7,7,6,6,7,7,7,6,5,2,4,4,2,4,3,2,2,4,2,2
NA,21,2,"Sassy","an exec board member","a girlfriend",6,6,6,5,6,6,7,5,4,3,4,7,3,3,4,3,6,5,1,5,4,2,4,1,1,2,4,1,5
NA,23,2,"Loyal","Friend","Work Partner",6,5,4,4,2,2,6,5,7,5,4,6,6,5,6,6,5,5,2,5,4,2,5,4,2,1,4,1,1
NA,20,2,"motivated","role as a student","role in a sorority",5,6,5,5,5,2,6,5,6,5,2,5,2,5,2,5,2,3,2,5,3,4,4,4,4,2,4,2,4
NA,20,1,"Curious","a student","a friend",4,5,5,5,5,5,5,5,6,6,5,5,5,5,5,6,5,6,2,3,4,3,4,2,2,2,4,3,3
NA,21,2,"sympathetic ","Residential Assistant (RA in the dorm)","volunteer at Alzheimer's Nursing Home ",6,6,6,6,1,4,5,6,6,6,6,6,6,1,2,4,6,7,4,4,2,4,4,2,4,4,4,4,5
NA,19,2,"thinker","a student","a friend",7,6,6,6,7,6,6,5,7,5,6,6,3,6,6,6,6,6,1,5,4,2,4,1,4,3,4,2,2
NA,19,1,"Respectful","a friend and peer","a son/brother",5,6,5,6,5,5,6,5,7,6,5,6,5,6,4,6,6,7,3,4,4,5,3,4,2,2,4,3,4
NA,20,2,"peaceful ","Christian ","girlfriend ",7,6,6,6,2,5,6,6,7,7,6,6,6,1,6,6,6,6,1,5,5,1,5,1,4,1,4,4,4
NA,18,1,"determined","a son","an up-and-coming journalist",7,7,7,7,5,7,7,7,7,7,7,7,7,6,7,7,7,7,2,5,5,1,5,1,1,1,1,4,1
NA,19,2,"Outgoing","Friend","theatre artist",5,5,5,2,2,2,6,2,7,7,6,6,6,3,5,5,2,7,1,4,5,4,5,1,2,1,5,2,2
NA,19,2,"hard working","a first generation Muslim American ","pre-business student",4,6,5,5,5,5,7,5,5,7,7,7,7,7,7,7,7,7,2,5,4,5,5,2,3,3,4,2,3
NA,20,2,"trustworthy","a sibling","student",7,6,6,6,2,6,6,5,6,7,7,6,7,6,7,7,6,7,1,5,4,2,4,1,4,2,4,4,4
8,20,2,"practical","a leader","a student",6,3,7,4,2,5,5,5,7,3,5,5,5,5,4,3,6,6,1,5,4,2,5,1,4,2,4,5,4
NA,21,2,"patience","my role as a sister","my role as a camp counselor",6,6,6,5,1,2,5,7,7,7,7,6,6,5,7,6,5,7,2,5,5,2,5,2,3,2,4,2,2
12,19,2,"meticulous","student","worker",5,5,5,5,3,5,6,5,6,5,4,3,5,5,5,5,5,5,2,4,4,2,4,2,4,2,2,4,4
NA,20,2,"whimsical","a girlfriend","student",6,6,6,4,2,2,6,4,6,5,3,6,5,6,6,6,6,2,1,4,4,2,4,1,2,1,5,3,3
NA,19,2,"Outdoorsy","a student studying environmental science","a camp counselor",6,6,5,5,5,5,6,5,7,6,6,5,6,6,7,7,6,7,2,5,4,2,5,2,2,2,5,2,4
NA,21,2,"Belief that things can change; things are not static","a student","a humanitarian",6,6,6,6,5,5,6,5,6,7,7,6,6,6,6,6,5,6,1,5,4,2,4,1,4,4,4,4,4
7,18,2,"adventurous","a traveller","a student",6,5,6,5,2,5,6,5,6,5,5,6,5,6,5,7,5,5,3,4,4,2,5,2,2,2,4,3,4
NA,19,2,"I am energetic ","A friend ","A campus leader",5,5,6,5,3,5,5,5,6,6,5,7,6,5,4,5,5,6,2,4,4,2,5,1,2,3,4,2,4
NA,22,2,"honest","girlfriend, sister","student, friend",5,6,6,5,6,6,6,4,7,4,4,5,5,6,5,6,5,5,3,4,4,2,4,3,4,3,4,2,4
NA,22,2,"empathetic","a girlfriend","daughter",6,6,6,6,2,6,6,6,6,6,6,6,7,6,6,6,6,6,4,4,4,2,4,2,4,4,4,2,4
NA,18,2,"Diligent","A student and as an athlete","A student and as a family member",6,7,6,7,6,7,7,7,7,5,6,6,6,6,7,6,6,5,2,4,4,4,4,2,5,2,4,4,4
NA,20,2,"loyal","a friend","a sister",6,3,5,3,3,4,6,5,7,5,4,4,2,3,3,5,5,7,2,4,3,4,4,3,2,2,5,2,3
NA,18,2,"compassionate","friend","mentor at elementary school",6,5,5,4,2,3,6,7,6,6,4,6,5,5,5,6,7,6,4,3,5,5,3,4,1,4,4,4,2
NA,21,2,"honest","my role as a sister","my role as a writer",5,3,5,6,2,6,4,5,7,6,7,6,7,7,6,3,5,7,1,4,5,4,5,1,3,2,4,4,4
9,19,2,"optimism","human being","student",7,7,7,6,4,5,6,5,7,7,6,7,6,6,5,6,6,7,1,5,5,2,5,1,1,1,5,1,3
NA,21,2,"Independence. ","a sorority president. ","daughter. ",6,2,6,3,6,6,6,6,5,2,6,5,2,3,2,2,5,7,2,4,4,3,4,2,4,4,2,4,4
NA,19,2,"creativity","songstress","ukulele player",5,5,5,6,5,5,5,5,7,5,5,5,5,5,5,5,5,5,3,4,3,3,4,2,3,4,3,4,2
NA,22,2,"easy-going","a girlfriend","a sister",5,4,4,5,2,2,3,5,6,4,4,6,4,2,5,5,5,4,2,4,4,2,4,3,4,2,4,2,3
NA,21,2,"multi-faceted","student","employee",6,7,6,6,6,6,6,6,7,7,6,7,6,2,5,6,5,7,4,5,4,3,5,3,3,2,2,4,4
NA,21,2,"sincere","student","sister",7,7,7,7,7,7,7,7,7,7,7,7,7,7,7,7,7,7,2,5,5,2,5,1,4,2,5,4,5
NA,19,1,"determined ","a student ","an athlete ",5,6,7,6,3,5,5,2,6,6,6,6,5,2,2,7,1,7,1,5,5,1,5,1,4,3,4,4,4
NA,18,1,"respect","friend, significant other","family",5,5,5,5,7,6,5,4,6,5,5,5,5,5,5,4,5,5,3,5,3,3,3,3,4,3,4,4,4
NA,20,2,"caring","daughter","friend",5,5,5,6,6,5,5,6,6,4,5,5,5,4,5,5,5,5,2,4,4,4,3,2,4,4,4,4,4
NA,18,1,"Caring","Friend","student",3,5,5,3,5,5,5,3,6,4,5,5,3,5,5,5,6,4,2,4,4,2,4,3,2,3,4,2,2
NA,21,1,"Analytical","A student","A friend",6,5,7,6,7,7,7,7,6,6,4,6,4,4,5,4,6,6,3,4,4,2,4,4,1,1,5,2,3
NA,21,2,"Artistic","a writer","a friend",7,7,5,7,5,4,7,6,6,4,4,4,4,6,4,3,6,4,2,4,5,3,4,5,4,3,2,4,4
NA,18,2,"perseverance","student","daughter",6,5,7,7,5,2,4,6,6,2,2,3,1,1,2,2,5,2,2,2,2,4,4,4,5,4,2,4,5
NA,22,2,"compassionate","a girlfriend","student manager",6,3,5,6,5,3,6,5,7,5,3,6,3,3,6,5,5,5,4,2,4,2,3,2,2,2,4,2,2
1,19,2,"hardworking","a student","a friend",6,7,6,7,6,7,6,6,7,5,6,6,5,2,3,5,6,6,2,3,4,2,5,1,2,2,1,1,3
NA,19,2,"intelligent","daughter","student",5,5,6,4,3,3,5,5,5,5,7,6,6,7,7,7,6,7,2,4,4,4,4,4,1,1,5,4,2
NA,19,2,"Versatile","a camp counselor","a filmmaker",6,6,6,6,7,7,7,6,5,6,6,6,5,6,6,7,3,7,2,4,5,4,5,2,2,2,4,2,2
NA,20,2,"excitable","a roommate","a younger member of a group",6,2,7,3,5,7,7,6,4,5,7,6,6,7,6,6,5,7,1,4,5,1,5,1,4,4,4,4,2
NA,20,1,"friendly","a tutor ","a fraternity brother",3,4,6,3,3,3,5,4,7,4,5,6,5,3,4,5,5,7,2,3,4,4,5,4,2,4,4,3,5
NA,25,1,"Reliable","a friend.","a graduate student.",5,5,5,4,3,4,6,5,6,7,6,6,5,4,5,6,6,6,1,4,4,2,5,1,2,2,4,4,4
NA,20,2,"empathy","a mentor","a friend",6,2,6,5,5,3,6,2,7,6,3,6,4,6,5,5,4,7,3,4,4,4,4,2,1,1,5,2,2
NA,19,1,"Supportive","a sophomore with many freshman friends","a member of the Residential College Board",6,6,6,6,2,3,6,6,7,7,5,7,7,2,3,6,7,7,1,4,4,2,4,2,3,2,4,4,3
NA,21,2,"Empathetic","a friend","a student",7,7,6,4,3,5,6,6,7,6,6,5,6,6,5,7,5,5,2,4,5,2,5,1,2,2,4,2,3
NA,20,2,"compassionate","a friend","an aunt",6,6,7,7,7,6,6,7,7,6,7,4,6,6,6,6,6,7,3,5,4,4,3,3,1,1,5,1,4
NA,19,1,"Caring","a friend","a journalist",5,5,4,4,7,7,5,5,7,7,6,6,7,7,7,7,7,5,3,5,5,3,5,1,4,1,5,4,2
NA,18,2,"thoughtful","friend","leader",6,6,5,6,5,5,4,6,6,6,3,5,5,3,4,5,5,6,2,4,4,4,5,2,1,2,4,4,2
NA,20,2,"Driven","Student","Sister",7,7,7,7,5,7,7,6,7,6,6,6,6,6,6,6,6,5,2,4,4,2,5,2,1,2,5,2,2
NA,19,2,"Analytical ","Fridnd","Student",5,5,6,3,3,4,3,3,3,3,5,7,5,6,5,7,6,6,1,5,5,3,5,1,2,2,2,2,4
NA,21,2,"passionate","sister","leader",6,6,7,7,1,2,7,4,6,7,6,6,6,5,7,7,4,6,1,5,5,4,5,1,2,1,5,1,1
NA,19,2,"Idealistic","a young adult","a woman",5,7,6,6,5,5,7,7,7,3,6,5,7,5,5,6,7,5,2,4,5,2,5,2,1,1,5,4,3
NA,18,2,"I'm Muslim.","a member of the Muslim Cultural Students Association","a daughter",6,6,6,5,6,7,7,7,7,5,5,3,5,7,5,5,5,6,2,5,4,5,4,2,5,4,2,4,4
13,21,2,"I respect other people and I think mutual respect is really important for human relationships.","a member of a team when working ","a daughter ",5,4,5,6,6,7,7,7,7,3,6,5,6,3,5,4,3,7,2,4,4,4,4,5,3,3,4,3,5
NA,21,2,"Determined","a woman","student",5,6,5,7,5,6,6,6,7,7,7,7,7,5,7,7,7,7,2,3,5,1,2,2,1,3,5,4,4
10,22,1,"Determined","Teacher","Student",2,5,5,3,7,7,5,5,7,3,6,7,6,5,6,6,6,7,2,4,4,4,4,2,2,2,2,4,4
NA,18,2,"collectivist","my role as a social worker","my role and a social activist ",6,6,6,6,2,4,7,6,7,7,7,6,7,4,5,7,7,7,1,5,4,1,5,5,2,3,3,2,4
NA,19,2,"empathy","a friend","a student",6,6,6,6,5,6,6,6,7,5,6,6,6,7,6,7,7,5,2,4,4,2,4,2,2,4,4,4,4
NA,20,2,"Resilient","Daughtet","christian ",7,7,6,6,1,7,6,6,3,7,6,6,6,5,6,6,6,7,1,5,4,1,5,2,1,1,1,1,2
NA,22,2,"loving","a friend","an aspiring teacher",5,5,6,6,3,5,6,6,6,6,6,5,6,5,6,6,6,6,3,2,3,3,4,3,2,2,2,2,2
NA,18,1,"Analytical","student","roommate",4,5,6,4,6,6,3,4,6,5,4,6,4,5,3,5,5,5,2,4,3,2,4,4,2,3,4,2,4
NA,21,2,"poised","a ballerina","a student group leader",5,3,5,6,6,6,7,6,7,6,6,6,5,6,5,7,3,6,1,4,5,4,4,1,1,1,5,1,3
NA,21,2,"genuine ","friend","sister ",5,5,5,4,5,5,5,5,6,5,3,5,5,5,4,5,6,5,1,4,4,3,4,2,2,4,4,4,3
NA,22,2,"determined","student","friend",7,7,7,7,5,5,7,2,7,4,5,4,4,4,3,4,6,4,2,5,4,2,5,1,1,2,4,2,2
NA,19,1,"awareness","a friend","a student",5,5,6,5,2,5,6,6,7,6,5,6,5,5,5,5,5,6,4,5,4,2,4,1,1,3,4,2,1
NA,19,2,"compassionate","a friend","sister",6,6,6,2,2,3,6,6,7,5,5,5,4,7,4,6,6,7,3,2,4,5,4,4,4,3,5,5,4
NA,25,1,"Curious","Student","Traveller",6,6,6,6,4,6,6,7,7,7,6,5,5,3,6,5,7,7,2,4,4,4,4,4,4,2,4,2,5
NA,20,2,"Responsible","student","friend",5,6,5,6,6,5,6,5,6,6,7,6,6,4,5,7,5,6,3,4,3,4,5,3,2,3,2,2,2
NA,18,1,"Ambitious","An Individual","A Leader",7,7,7,7,2,2,7,7,7,7,7,7,7,6,5,7,6,7,2,5,4,1,5,1,3,3,4,3,4
NA,19,2,"Charismatic","Sorority member","Dancer",6,6,6,6,2,6,6,6,6,6,7,5,6,6,5,6,4,5,1,4,4,2,5,1,1,2,4,2,3
NA,19,2,"fun-loving","a friend","a teammate",4,5,4,4,3,2,6,6,7,6,6,6,5,6,6,6,6,5,2,4,4,3,5,1,4,3,1,4,3
NA,19,2,"Resilient ","student","friend",7,4,5,5,7,5,5,6,6,4,6,6,5,3,4,6,6,4,2,4,4,4,4,3,4,3,2,2,5
NA,19,2,"Integrity","My role as a friend","My role as a student",4,6,6,6,6,6,7,6,6,3,7,7,7,7,7,7,6,6,2,4,4,5,4,3,2,2,4,4,4
NA,18,2,"Empathetic","a friend","a sister",7,7,6,7,7,7,7,7,7,7,7,5,7,7,7,7,7,7,4,3,3,4,4,2,2,2,4,3,4
NA,19,2,"I think very logically; I generally weigh pros and cons of every situation.","a friend","a teenager",6,7,6,7,5,6,7,6,7,4,6,6,6,7,7,6,7,7,2,4,4,4,4,2,1,3,5,3,2
NA,24,1,"Social","a friend","a networker",7,5,7,7,2,2,5,7,6,7,6,7,7,2,2,6,7,7,1,5,4,4,4,1,1,1,5,1,5
NA,18,2,"ambitious","a radio journalist","a gift-giver",7,7,6,7,6,6,7,5,7,7,5,6,7,2,6,7,7,7,1,5,5,5,4,1,4,4,3,5,5
NA,22,1,"Reflective","my role as a student","my role as a human being",5,7,3,7,7,7,7,7,7,5,7,4,7,7,7,7,7,7,5,1,2,5,4,5,3,4,5,1,3
NA,18,2,"Indian","my role as a student at university","my role as a member of my extended family",7,7,6,7,7,7,7,6,6,4,6,7,6,7,7,4,7,4,3,3,4,5,4,3,3,4,4,2,5
NA,20,2,"Understanding ","a friend","a girlfriend",7,7,6,7,7,7,7,7,7,5,7,4,7,7,7,7,6,7,4,5,4,3,4,1,4,5,2,4,4
NA,31,1,"Sincere","my role as a husband","my role as a friend",5,4,5,5,4,4,6,4,7,4,4,4,4,4,5,5,5,7,3,3,4,3,4,2,4,4,2,3,2
NA,21,2,"cooperative","a daughter/sister","a team member",5,5,5,4,2,2,6,5,7,5,5,6,6,5,5,6,6,7,2,4,4,4,4,1,1,2,4,4,2
NA,19,1,"Reserved","a friend","as a student",5,6,6,4,2,6,6,7,6,7,7,6,7,6,6,7,6,5,1,5,4,2,5,1,1,3,5,4,4
NA,19,1,"Motivated","Student","Boyfriend",6,6,6,6,3,6,6,5,6,6,4,7,6,5,6,6,4,6,3,4,4,4,4,4,4,3,3,4,4
NA,20,2,"Intelligence","Student","Friend",6,6,5,5,6,6,6,5,6,4,4,5,5,5,4,5,5,5,4,4,3,3,4,1,2,2,2,4,4
NA,20,2,"Honesty ","Sister","Student ",6,5,4,5,6,7,7,6,7,7,7,6,7,7,7,6,5,6,4,4,2,3,5,5,3,5,5,3,5
NA,27,2,"Organized","a wife","as a student",5,6,6,6,2,4,5,6,5,6,7,6,7,6,4,6,6,7,2,4,4,2,4,1,3,2,3,3,2
NA,21,1,"Empathy","Friend","Student",6,5,5,5,3,5,6,5,7,5,3,5,5,6,5,3,3,5,4,4,5,5,4,3,2,2,2,2,3
NA,18,1,"laid back","my role as a roommate","my role as a friend",5,6,7,5,5,7,6,4,7,6,7,7,7,1,7,7,6,7,1,4,5,1,5,2,5,2,4,4,4
2,20,1,"Creative","a student","a music producer",3,5,5,4,5,5,6,5,5,7,5,5,5,2,3,6,3,7,4,4,4,3,4,3,4,3,4,4,4
NA,21,1,"Loquacious ","Leader","student",6,5,4,6,6,4,7,6,7,6,5,7,6,4,6,7,7,4,2,5,4,2,5,1,3,2,4,2,4
NA,31,2,"passionate","a geneticist","a triathlete",7,7,7,7,2,7,7,7,7,6,5,5,5,4,6,5,5,5,1,5,5,1,5,1,3,3,4,4,1
NA,19,2,"self-motivated","Student","Friend",4,5,5,5,5,6,5,5,6,6,5,5,5,5,4,6,6,6,2,5,4,3,4,2,1,1,4,3,4
NA,22,1,"Intellectual ","Student","Son",3,6,4,5,6,3,3,6,7,2,1,3,5,2,4,7,2,4,2,3,5,2,4,2,2,4,2,3,1
NA,21,2,"Faithful","Mentor","Friend",5,3,5,3,5,5,5,5,6,4,4,4,4,4,4,6,5,6,2,2,3,3,4,2,4,2,2,3,1
NA,25,1,"nice","a human being, son","student, piano player",5,4,4,2,2,2,3,5,5,5,5,5,6,5,2,5,4,1,2,4,4,3,4,5,1,1,4,2,2
NA,20,2,"Open-mindedness","Student","Friend",5,5,5,6,5,4,6,5,6,5,5,5,5,5,5,5,5,5,3,4,4,4,4,3,4,4,4,4,5
NA,21,2,"positive ","a friend","an artist ",7,6,7,5,5,5,6,6,7,7,7,7,7,7,7,7,6,6,1,5,5,2,4,1,1,2,4,4,4
NA,27,2,"determined","mediator ","activist",4,2,3,3,3,3,4,6,4,6,6,5,6,5,5,6,4,6,5,5,4,3,5,2,2,2,5,2,2
NA,18,2,"Curious ","a student ","a friend ",5,3,6,5,4,5,5,6,5,6,7,7,5,2,5,6,6,7,1,4,4,2,4,1,4,3,4,4,5
NA,21,2,"curious","Northwestern student","young adult",5,6,5,4,6,6,6,6,6,6,7,6,6,7,6,6,5,7,2,5,4,4,4,3,2,1,4,2,3
NA,23,2,"genuine ","a daughter ","a friend ",7,7,7,7,7,6,7,7,7,6,6,6,4,6,6,6,4,7,1,4,4,2,4,1,1,1,5,2,1
NA,33,1,"cordial","a student group mate","as a nephew",3,6,6,6,5,5,5,5,3,3,2,4,4,2,2,2,2,3,3,3,3,5,4,4,2,2,4,3,3
NA,18,2,"Comprehensive","as a student/to my self","a girlfriend",7,7,6,7,6,6,7,5,7,7,7,7,6,3,7,7,7,7,2,5,4,2,4,1,1,1,5,1,2
NA,18,1,"Funny","a Brother","a Comedian",3,7,5,3,5,5,7,7,6,6,5,5,5,2,5,3,1,7,1,4,3,2,5,2,1,1,5,1,4
NA,31,2,"perseverance","Student","Foreigner",2,4,5,5,4,2,5,5,5,2,4,6,6,5,5,5,6,6,2,2,4,3,4,2,1,1,4,1,3
NA,22,2,"Comedic","Performer","A friend",6,2,4,6,6,5,6,4,7,5,4,5,2,7,7,6,3,5,3,4,3,2,4,2,2,3,5,2,2
NA,20,2,"Funny","Daughter","Student",6,6,6,6,6,7,7,6,7,4,6,7,6,6,6,7,7,5,1,5,4,3,5,2,3,4,5,4,5
NA,18,2,"Inspired","a student","a citizen",6,7,6,6,3,3,5,7,7,5,7,6,6,2,2,6,7,6,2,4,4,5,5,3,2,2,4,2,2
NA,22,2,"open minded","A student","A friend",6,6,7,7,6,6,7,7,7,7,6,5,5,3,3,5,5,6,4,5,4,4,5,4,4,2,2,4,2
NA,18,2,"Motivated","a student","a friend",5,6,7,6,6,6,6,6,6,6,6,6,4,2,5,7,7,5,2,5,4,4,5,2,4,2,2,2,4
NA,22,1,"Easy","friend","family ",7,7,5,5,7,7,7,5,7,6,6,6,6,6,6,6,6,6,1,5,4,4,2,4,2,5,2,4,4
NA,18,2,"Happy","my role as a friend","my role as a student",6,2,6,3,3,2,6,5,6,7,7,6,6,7,7,7,6,6,2,5,4,4,4,4,1,2,4,4,5
NA,19,2,"HELPFUL","friend","family member",7,6,4,6,6,5,6,3,6,6,5,4,5,5,5,5,5,6,4,5,3,4,2,2,4,3,4,4,2
NA,20,2,"positive","a girlfriend","a daughter",7,7,6,7,5,7,7,7,7,5,5,3,4,7,6,5,6,6,4,4,2,5,3,4,4,2,2,4,3
