"Pnum","Age","Gender","Mot_Explore","Mot_Knowlege","Mot_Learn","Mot_Independent","Mot_Understand","Mot_GiveBack","Mot_Financial","Mot_Help","Mot_Honor","Mot_Rolemodel","rfqpro1r","rfqpro2","rfqpro3","rfqpro4r","rfqpro5","rfqpro6r","rfqpre1r","rfqpre2r","rfqpre3","rfqpre4r","rfqpre5r","RFApro2","RFApro3","RFApro4","RFApro5","RFApre1","RFApre2","RFApre3","RFApre5","RFHpro2","RFHpro3","RFHpro4","RFHpro5","RFHpre1","RFHpre2","RFHpre3","RFHpre5","RFRpro2","RFRpro3","RFRpro4","RFRpro5","RFRpre1","RFRpre2","RFRpre3","RFRpre5","questionnaire1","questionnaire2"
1,18,2,5,6,7,6,6,5,5,3,5,3,2,4,4,4,4,3,2,2,2,2,3,6,5,5,6,5,4,6,4,3,4,3,3,5,4,3,3,7,7,5,7,6,4,7,4,1,1
2,19,1,4,7,4,5,6,3,7,5,6,4,3,5,4,4,4,3,4,3,4,4,4,7,6,7,7,7,7,7,7,7,7,2,6,7,7,7,5,7,6,3,7,7,6,6,5,1,1
3,19,1,5,6,7,6,7,5,4,7,7,7,NA,NA,NA,NA,NA,NA,NA,NA,NA,NA,NA,5,4,5,6,6,5,4,6,4,5,3,3,6,5,4,4,4,5,5,4,6,4,4,4,1,NA
4,19,1,2,5,6,4,6,1,6,5,1,3,1,3,5,2,4,2,1,2,1,3,4,2,3,6,2,2,2,3,4,3,2,4,3,2,2,4,4,5,2,4,2,5,2,1,4,1,1
10,20,2,6,7,7,7,7,6,7,2,4,4,3,5,5,4,4,3,4,4,4,4,4,5,5,6,6,7,6,5,6,6,7,6,6,5,6,7,7,5,5,5,5,5,4,5,5,1,1
11,20,1,5,5,5,5,5,5,6,6,5,4,2,4,3,2,4,4,3,3,3,3,2,4,5,4,5,5,5,5,5,4,5,5,5,3,3,5,5,4,5,4,4,5,5,5,5,1,1
12,19,2,6,7,6,7,7,4,6,6,4,7,2,5,4,2,5,4,1,1,5,2,1,6,6,6,7,7,6,6,6,2,3,5,2,2,5,5,4,6,4,6,4,2,2,6,5,1,1
13,18,2,5,6,5,6,6,5,6,3,5,4,2,5,3,2,5,2,2,2,4,2,3,5,6,6,6,5,6,5,4,5,4,5,4,5,5,4,3,6,6,4,5,5,6,6,5,1,1
14,19,2,5,4,1,1,4,4,7,4,7,7,2,5,4,3,5,5,3,2,4,3,3,4,4,6,5,5,4,4,4,6,6,6,6,6,6,6,6,5,5,5,5,5,4,4,4,1,1
15,21,2,6,6,7,7,7,2,6,2,7,5,1,4,4,3,4,4,4,2,2,2,4,5,4,6,6,5,4,4,5,3,6,7,7,3,4,7,7,5,5,7,7,2,5,6,7,1,1
16,21,1,2,3,2,3,3,6,6,3,4,2,NA,NA,NA,NA,NA,NA,NA,NA,NA,NA,NA,6,3,5,5,3,4,5,5,3,2,6,4,2,2,5,5,5,5,6,5,5,5,5,4,1,NA
17,18,2,6,6,7,7,7,7,7,2,7,7,1,3,4,2,4,2,3,4,3,3,4,4,5,5,5,5,3,5,5,4,3,5,4,1,3,4,4,4,5,5,3,3,4,5,4,1,1
18,18,2,7,7,7,7,7,7,7,5,4,6,1,5,5,2,5,1,2,3,3,3,2,6,7,6,7,7,6,7,7,3,5,5,6,6,5,5,4,7,7,7,5,7,7,7,6,1,1
19,18,2,6,6,6,6,6,5,6,5,6,6,2,4,4,4,4,2,4,4,4,4,4,4,7,5,5,7,7,6,5,5,4,6,6,4,5,5,5,5,4,5,5,3,3,5,5,1,1
20,18,2,6,7,6,7,7,7,7,6,7,5,2,4,4,2,4,2,1,2,4,2,4,5,6,6,6,6,5,6,6,3,2,5,4,5,3,5,5,4,5,5,4,5,5,5,4,1,1
21,18,1,6,7,6,5,5,NA,7,NA,NA,NA,1,5,5,1,5,1,4,5,4,4,2,6,5,6,3,1,3,5,2,3,5,6,7,5,2,5,6,6,4,4,7,1,2,7,6,1,1
22,19,1,4,6,7,4,3,2,6,6,6,4,1,5,5,1,5,1,5,5,3,5,2,3,2,5,4,1,4,4,5,7,7,7,7,1,7,7,7,5,7,7,7,3,7,7,7,1,1
23,21,1,6,7,7,6,7,3,7,4,3,4,1,4,4,1,5,2,1,1,5,2,3,7,6,7,6,6,5,7,5,3,3,5,6,4,6,3,4,6,6,6,4,4,5,6,4,1,1
24,18,2,4,4,6,4,4,4,5,6,5,6,NA,NA,NA,NA,NA,NA,NA,NA,NA,NA,NA,5,7,6,7,7,6,7,7,3,2,3,3,5,2,2,3,4,6,5,7,7,4,6,5,1,NA
26,19,2,5,6,7,6,6,4,7,5,5,4,2,3,4,3,4,3,1,2,5,4,3,5,6,6,6,6,5,6,6,6,6,6,6,4,6,6,6,4,5,5,6,6,6,5,6,1,1
27,18,2,5,5,6,6,5,5,6,2,6,6,NA,NA,NA,NA,NA,NA,NA,NA,NA,NA,NA,4,6,7,6,6,4,6,6,4,5,6,5,4,4,4,5,4,5,5,6,5,5,5,5,1,NA
28,18,1,7,7,7,7,7,4,7,1,2,5,3,5,5,2,4,2,5,5,3,5,5,6,6,6,6,5,6,6,6,4,5,6,5,3,5,5,5,5,5,5,5,5,5,5,6,1,1
29,18,2,4,7,7,7,7,4,7,7,1,1,4,5,2,5,4,5,2,3,4,4,4,3,7,7,3,6,1,6,5,7,7,7,7,7,7,7,7,3,7,3,7,7,6,7,4,1,1
32,19,1,4,3,5,2,2,1,7,3,4,3,2,3,1,2,3,4,4,4,2,3,5,6,6,6,6,6,6,6,6,4,4,4,5,3,4,4,4,4,4,4,4,4,4,4,4,1,1
33,18,2,1,7,2,7,7,7,7,7,1,7,4,5,4,4,3,4,1,1,5,1,1,7,7,2,4,7,7,7,7,1,2,2,2,4,1,2,2,7,7,3,2,7,7,7,3,1,1
34,21,2,4,6,7,7,5,5,7,6,7,7,1,4,4,2,4,3,1,1,4,4,4,5,3,5,5,5,5,5,3,3,3,5,5,6,5,4,3,5,6,6,6,3,5,6,6,1,1
35,21,2,5,4,6,4,5,3,6,3,4,3,2,3,3,2,5,5,2,1,4,2,4,3,4,7,5,5,3,6,7,6,3,6,6,5,5,6,6,6,6,4,5,5,4,6,4,1,1
36,19,1,1,1,1,1,1,1,7,1,1,1,1,NA,NA,NA,NA,NA,NA,NA,NA,NA,NA,2,2,5,5,5,7,2,2,5,6,6,6,2,6,6,5,5,6,6,6,3,3,6,6,1,1
39,19,1,6,5,7,4,6,7,5,2,1,7,3,4,2,2,4,1,2,3,4,2,4,4,4,3,4,5,5,4,5,4,4,3,4,5,4,4,5,7,7,7,7,5,6,7,7,1,1
40,18,2,7,7,7,7,7,6,7,4,4,5,2,4,3,3,5,3,2,3,5,1,4,6,6,6,7,5,3,7,7,2,3,4,2,3,3,3,4,7,7,6,6,6,5,6,7,1,1
41,18,2,4,5,6,6,6,5,6,7,7,6,3,4,4,4,4,4,2,3,4,4,4,5,7,5,6,7,7,5,7,6,4,3,5,6,6,4,4,6,6,6,6,5,6,6,6,1,1
42,19,1,5,4,4,4,3,3,7,6,2,3,2,1,4,5,4,4,4,3,3,4,4,2,1,5,2,2,2,2,2,4,4,4,4,4,4,4,4,7,6,6,6,5,6,7,4,1,1
46,18,1,4,4,7,3,5,2,7,6,4,2,2,4,4,4,5,5,2,3,5,3,3,4,7,6,7,6,6,5,5,6,5,4,3,5,3,6,5,6,5,4,4,3,5,7,5,1,1
47,18,2,7,7,5,7,7,7,7,1,7,6,NA,NA,NA,NA,NA,NA,NA,NA,NA,NA,NA,6,7,6,7,7,7,7,7,3,4,2,5,2,5,3,4,5,6,5,5,5,5,5,5,1,NA
48,20,2,6,6,3,6,6,7,7,7,4,4,NA,NA,NA,NA,NA,NA,NA,NA,NA,NA,NA,6,7,7,5,7,7,7,7,2,1,3,1,1,1,3,1,4,3,4,6,4,2,2,5,1,NA
49,18,1,7,7,7,6,7,7,7,2,7,2,1,1,1,1,1,1,1,1,1,1,2,4,4,5,4,5,4,5,5,6,5,6,6,6,4,5,5,1,1,1,1,1,1,1,1,1,1
50,18,2,7,6,7,6,6,4,7,4,5,4,NA,NA,NA,NA,NA,NA,NA,NA,NA,NA,NA,5,6,6,5,6,5,5,5,6,5,6,6,4,5,6,6,6,6,7,6,5,4,6,6,1,NA
51,18,1,5,5,6,6,6,5,7,3,4,6,3,4,4,4,4,2,4,4,4,4,4,6,6,6,5,6,6,6,5,3,3,3,2,2,2,3,3,4,4,4,5,4,3,5,5,1,1
52,18,1,6,7,7,5,6,5,2,1,1,2,1,4,4,2,4,1,1,1,5,1,2,3,4,5,4,2,4,2,6,4,4,4,4,4,4,4,4,5,6,7,6,1,6,6,7,1,1
53,18,1,7,7,7,7,7,5,7,7,4,7,1,5,5,2,5,5,4,2,2,3,4,6,7,6,6,6,5,7,7,6,5,6,6,6,5,5,7,6,6,6,4,3,3,6,6,1,1
54,19,1,6,6,7,7,6,4,7,1,5,3,3,4,4,3,4,4,2,3,5,4,3,4,4,6,4,2,5,7,3,6,3,4,5,6,5,7,1,7,5,6,5,6,4,5,5,1,1
55,19,2,5,NA,5,5,NA,2,7,6,1,1,2,NA,NA,NA,NA,NA,4,NA,NA,NA,NA,7,5,3,6,5,5,6,5,2,3,3,5,3,3,3,4,6,5,6,6,6,3,6,5,1,1
56,18,2,6,6,7,6,6,4,7,3,1,2,1,4,2,4,5,1,2,3,5,3,4,6,7,7,7,6,2,7,6,6,7,7,6,4,3,7,5,6,7,7,6,7,NA,7,7,1,1
57,18,2,6,7,7,7,7,7,7,4,3,7,NA,NA,NA,NA,NA,NA,NA,NA,NA,NA,NA,6,6,6,6,6,6,6,6,4,4,5,4,4,5,5,4,6,4,4,5,3,4,6,4,1,NA
58,19,2,3,6,5,5,5,2,7,6,6,2,2,4,3,4,4,2,4,2,5,3,4,4,4,6,5,6,4,5,3,4,4,5,4,4,4,5,3,4,4,5,4,5,4,4,3,1,1
59,19,1,7,7,7,4,7,4,7,7,7,4,3,4,2,4,4,1,1,1,1,1,3,5,6,7,7,6,6,6,6,2,2,4,5,4,2,2,3,5,5,5,5,5,5,5,4,1,1
60,19,2,5,5,5,6,6,4,7,4,7,4,2,4,2,5,2,5,3,2,5,4,4,4,6,5,6,6,6,6,6,3,3,3,6,6,4,6,3,5,1,4,1,3,1,7,5,1,1
61,18,1,5,6,7,6,7,7,7,5,7,7,4,4,4,2,4,4,4,3,5,2,4,5,5,6,6,7,6,6,6,4,5,4,6,4,4,4,3,6,6,6,6,6,6,6,6,1,1
62,19,2,5,7,6,7,7,3,7,1,3,2,2,4,4,1,4,1,1,1,5,1,1,4,7,5,6,5,5,7,6,6,6,5,4,3,6,6,5,5,6,5,5,2,3,5,6,1,1
63,19,1,5,7,6,6,6,6,6,6,5,6,NA,NA,NA,NA,NA,NA,NA,NA,NA,NA,NA,7,4,5,5,6,6,5,3,6,6,5,3,6,6,6,4,6,6,4,5,5,4,5,3,1,NA
64,18,1,6,5,7,6,6,5,7,6,2,4,2,4,4,3,4,3,2,4,4,3,2,4,4,6,4,6,5,5,5,3,2,5,5,5,4,3,4,7,5,5,6,6,5,6,4,1,1
65,18,2,7,7,7,7,7,4,7,7,1,1,4,5,5,4,5,1,1,5,5,5,4,7,7,7,7,3,7,7,1,7,6,7,7,6,3,7,6,7,7,7,7,5,7,7,5,1,1
66,18,2,7,7,7,7,7,5,7,7,2,4,3,4,5,5,4,2,2,2,4,3,2,7,6,5,6,6,6,6,5,3,5,6,6,3,2,5,5,6,5,3,6,6,6,4,5,1,1
67,18,2,4,6,7,6,6,1,5,1,7,2,1,5,4,1,5,2,1,1,5,1,1,6,6,6,6,6,7,6,6,4,2,4,4,5,4,4,2,6,3,4,2,2,3,5,3,1,1
68,18,2,7,7,7,7,7,4,7,1,3,5,1,5,5,1,5,1,2,3,2,3,3,6,7,7,6,6,7,7,7,7,7,7,7,6,7,7,7,6,6,6,6,5,5,6,6,1,1
69,18,1,7,7,7,7,7,5,7,4,4,2,2,5,5,4,3,1,3,3,4,4,5,7,7,6,7,7,7,6,6,5,4,6,6,6,4,3,6,6,7,5,7,6,6,4,7,1,1
70,18,1,5,7,3,3,4,6,7,7,4,4,2,5,5,3,4,1,2,5,4,3,5,2,3,4,5,7,5,4,4,4,2,6,3,3,3,5,5,7,2,7,5,1,2,2,5,1,1
71,18,2,6,7,6,7,7,3,7,3,6,2,1,5,4,4,5,3,1,2,5,1,1,6,7,6,7,6,5,7,7,4,6,7,7,3,5,6,6,7,5,7,7,5,1,7,7,1,1
72,19,1,7,7,6,4,7,4,5,7,6,3,4,4,3,4,4,3,4,5,5,3,4,3,5,4,5,5,4,7,5,3,4,5,6,2,3,6,6,3,6,3,5,6,6,6,6,1,1
73,19,1,6,5,5,6,5,2,4,2,2,2,2,4,5,4,4,3,1,2,5,2,2,5,4,6,4,6,6,7,3,3,2,5,3,3,2,4,3,5,5,5,6,5,4,6,6,1,1
74,19,1,6,4,6,4,6,7,6,5,6,6,NA,NA,NA,NA,NA,NA,NA,NA,NA,NA,NA,4,4,5,4,5,5,4,4,4,5,3,4,5,5,3,4,5,5,5,4,5,5,5,4,1,NA
75,19,1,4,4,7,6,6,4,5,2,6,4,NA,NA,NA,NA,NA,NA,NA,NA,NA,NA,NA,6,5,5,5,2,6,3,4,4,5,6,6,5,5,6,4,5,4,4,5,6,6,5,5,1,NA
76,18,2,7,7,7,7,7,7,6,2,4,4,1,5,5,1,5,1,4,4,5,2,2,6,6,6,6,6,6,6,6,1,3,1,6,7,5,2,1,7,7,5,7,7,7,7,7,1,1
77,19,1,5,5,5,5,4,3,6,2,5,4,4,4,4,3,3,4,2,2,3,2,5,4,6,6,5,5,5,6,6,5,3,4,4,4,4,3,4,5,4,5,5,6,6,5,5,1,1
78,19,2,7,7,7,7,7,6,7,7,4,6,2,3,4,2,4,2,2,1,4,2,2,3,3,5,4,2,3,5,3,3,2,5,4,4,3,2,4,5,4,5,4,2,4,5,4,1,1
79,19,2,6,7,6,6,5,4,7,3,6,4,1,5,4,3,4,4,4,3,4,4,4,5,4,5,5,6,6,5,6,5,6,5,4,5,4,7,6,6,4,5,4,2,2,5,5,1,1
80,20,1,NA,NA,NA,NA,NA,NA,NA,NA,NA,NA,NA,NA,NA,NA,NA,NA,NA,NA,NA,NA,NA,5,5,6,6,6,5,7,7,2,3,2,NA,5,2,3,1,6,5,7,6,6,5,6,6,1,NA
81,18,1,6,4,6,5,4,2,7,5,5,2,NA,NA,NA,NA,NA,NA,NA,NA,NA,NA,NA,6,4,6,4,7,5,5,5,5,5,5,5,5,4,4,3,7,5,1,6,2,7,4,2,1,NA
82,18,2,7,7,6,7,7,5,6,5,2,3,2,4,4,5,4,2,2,2,5,2,1,7,7,7,4,4,7,7,7,4,3,5,5,3,2,2,5,4,3,5,3,5,3,3,5,1,1
83,19,1,5,7,7,7,7,5,5,4,5,7,NA,NA,NA,NA,NA,NA,NA,NA,NA,NA,NA,5,7,7,7,3,4,7,7,3,4,6,7,5,5,4,5,5,5,6,4,7,6,7,4,1,NA
84,19,1,5,4,5,4,5,3,7,4,5,4,2,5,4,2,4,2,5,5,2,5,4,5,3,5,3,3,4,5,2,4,4,3,5,4,4,4,5,6,6,6,5,5,5,7,7,1,1
85,19,1,3,7,4,4,7,1,6,1,3,1,4,5,4,3,4,3,3,4,3,3,4,5,7,7,7,5,5,7,6,3,2,5,2,4,3,4,2,2,3,4,2,2,2,5,2,1,1
86,18,2,6,6,5,6,6,4,7,3,2,2,NA,NA,NA,NA,NA,NA,NA,NA,NA,NA,NA,6,3,6,3,5,5,6,4,4,4,5,4,2,2,3,4,3,6,3,6,3,4,3,5,1,NA
87,19,2,7,7,7,7,7,3,7,3,4,3,2,4,4,3,4,2,4,3,2,2,3,5,7,6,7,7,6,7,7,6,6,6,6,6,5,6,7,6,7,5,5,7,7,5,5,1,1
88,18,2,5,5,6,6,7,5,6,3,5,4,1,4,5,2,5,1,1,3,5,2,2,5,5,6,6,5,5,5,6,7,6,7,7,1,2,7,6,4,5,6,6,1,4,5,6,1,1
89,18,2,3,NA,6,NA,5,6,NA,1,NA,NA,1,4,4,2,5,1,2,1,5,2,4,6,6,6,6,6,6,5,6,6,7,6,7,3,6,6,7,6,2,6,6,4,2,6,6,1,1
90,19,1,7,7,7,7,7,5,7,1,1,7,1,5,5,1,5,1,5,5,2,5,4,7,3,7,6,6,5,5,3,6,7,3,7,6,6,6,5,7,5,6,4,2,1,5,6,1,1
91,19,1,3,5,5,6,4,2,7,3,4,2,1,4,5,4,4,2,4,4,4,4,4,3,3,6,5,6,5,5,3,3,2,5,1,3,3,2,1,6,3,6,5,6,6,6,5,1,1
92,18,2,5,5,5,3,6,3,7,6,6,3,4,3,4,3,4,4,1,4,4,4,4,4,3,6,5,5,4,5,4,5,4,6,6,6,NA,4,4,3,4,4,3,3,4,5,4,1,1
93,18,2,5,7,3,7,7,6,7,7,6,6,NA,NA,NA,NA,NA,NA,NA,NA,NA,NA,NA,2,7,4,5,7,6,7,6,1,2,1,2,5,1,1,1,4,5,4,6,6,3,4,4,1,NA
94,18,2,7,7,7,7,7,4,7,2,7,4,2,4,3,3,3,3,1,2,5,2,3,7,7,5,5,7,7,7,6,3,4,4,4,3,4,4,4,6,4,6,6,3,3,5,6,1,1
95,18,2,6,7,5,6,6,5,4,7,4,5,1,4,4,2,4,1,1,1,5,1,2,5,5,6,6,4,5,6,5,5,5,5,3,2,4,6,3,6,3,6,3,5,4,5,3,1,1
96,18,2,4,5,6,5,5,6,5,4,6,6,2,5,4,3,5,1,1,2,5,1,2,6,7,6,6,5,6,7,7,6,6,6,6,2,5,6,7,6,5,5,6,5,4,6,6,1,1
97,18,2,7,3,7,4,3,4,7,1,1,1,NA,NA,NA,NA,NA,NA,NA,NA,NA,NA,NA,6,7,7,3,6,7,5,7,3,5,6,7,6,5,3,7,7,6,4,7,7,2,7,6,1,NA
98,19,2,5,5,6,4,5,2,6,2,4,4,2,4,4,2,4,1,2,1,4,4,4,6,7,7,6,7,6,7,6,4,5,5,4,5,4,4,4,7,7,6,6,5,6,6,6,1,1
99,20,2,7,7,7,7,7,7,7,5,6,6,2,4,4,3,4,1,2,2,3,3,4,6,6,2,7,7,7,7,6,7,7,5,7,6,7,7,7,7,7,5,7,7,7,7,6,1,1
100,19,1,7,7,5,7,7,1,5,2,1,2,2,2,4,2,4,3,4,4,2,4,4,5,5,5,6,5,5,6,5,3,5,5,5,5,NA,5,5,2,2,5,4,4,5,4,5,1,1
101,18,2,5,6,5,5,4,7,7,4,7,7,3,3,3,4,5,2,1,1,4,4,5,4,5,7,5,7,4,7,7,3,3,3,7,7,6,7,4,6,4,3,2,7,4,4,2,1,1
102,18,2,6,6,6,6,6,6,6,5,4,4,1,4,5,1,4,1,1,1,5,1,2,4,4,6,5,6,5,6,5,3,3,5,5,5,5,4,3,5,7,6,5,7,5,7,7,1,1
103,19,1,6,7,6,7,7,7,5,6,3,4,2,4,4,2,4,1,2,2,3,2,2,6,4,5,3,6,5,5,2,6,5,6,4,2,4,5,6,4,2,4,3,2,2,3,5,1,1
104,18,1,6,5,5,5,4,4,7,6,5,5,2,5,5,2,5,1,3,4,3,2,4,6,3,6,6,6,4,5,6,4,NA,6,5,1,3,6,3,5,4,6,6,5,2,6,7,1,1
105,19,1,4,6,6,6,7,6,7,3,7,5,2,4,4,4,4,2,2,1,5,1,4,6,7,7,7,7,7,7,7,7,7,6,7,7,6,7,5,6,5,3,6,5,3,NA,6,1,1
106,19,2,7,7,7,5,6,7,6,3,5,6,2,4,4,2,4,2,2,2,4,2,3,5,6,4,4,5,3,5,4,5,5,4,5,5,5,5,5,7,7,5,6,5,3,7,6,1,1
107,18,2,5,6,7,7,6,7,7,6,7,7,2,5,4,3,5,1,4,3,2,3,3,6,6,5,5,6,5,6,5,4,4,5,4,5,4,4,4,5,6,7,6,4,2,7,5,1,1
108,18,2,7,6,7,7,7,5,7,4,6,2,1,5,5,1,5,5,1,1,5,1,1,6,7,7,7,7,7,7,5,7,7,7,7,2,5,7,7,7,7,7,7,1,5,7,7,1,1
109,19,2,7,7,7,7,7,7,7,7,7,7,1,5,5,4,5,1,1,2,5,2,4,4,6,7,7,7,7,7,6,6,6,5,5,6,6,5,5,7,6,6,6,7,6,6,6,1,1
110,19,1,6,7,7,7,7,6,7,3,7,4,1,5,5,2,5,3,4,4,4,5,5,5,6,7,7,5,5,6,7,3,3,4,5,7,4,3,3,5,6,7,7,5,7,7,6,1,1
111,19,1,6,5,6,5,5,3,6,3,4,5,3,3,5,4,4,4,2,2,4,3,5,4,5,4,4,3,5,4,4,2,4,4,4,2,4,4,4,6,5,5,4,5,7,4,4,1,1
112,20,2,4,5,4,5,6,5,7,7,7,5,2,3,3,4,4,2,2,2,4,2,3,5,6,5,7,5,6,6,6,4,3,4,4,5,4,3,4,5,5,4,6,6,5,5,5,1,1
113,18,2,7,7,7,7,7,7,7,1,5,7,2,5,5,4,5,1,1,2,5,NA,2,5,3,6,5,6,5,6,2,7,4,6,5,7,5,4,4,7,7,7,7,7,7,7,7,1,1
114,19,2,5,5,6,5,5,6,7,3,6,7,1,5,4,4,5,4,1,1,5,1,1,6,6,7,6,7,6,6,7,3,5,5,5,3,3,3,3,3,3,6,5,5,5,6,3,1,1
115,19,1,5,7,7,7,7,7,7,7,7,7,3,5,3,5,5,1,4,4,4,4,5,6,6,6,6,6,6,6,5,5,4,5,5,4,6,5,4,4,3,5,6,5,5,5,3,1,1
116,19,1,5,5,6,5,4,2,7,2,2,2,1,4,4,1,5,4,3,1,4,2,4,5,5,6,3,5,4,6,2,4,2,3,5,5,5,6,2,4,3,6,3,5,4,6,3,1,1
117,20,1,7,6,6,6,1,7,6,5,5,7,2,4,5,1,5,1,2,2,4,2,3,5,5,7,6,4,5,6,5,5,5,5,5,5,5,5,4,5,5,5,5,6,6,5,5,1,1
118,18,2,7,7,6,5,6,6,5,4,7,6,2,3,4,3,4,1,3,3,4,4,2,4,5,6,4,6,6,6,5,4,4,5,5,5,5,4,4,6,6,5,6,6,6,6,7,1,1
119,19,1,5,5,3,3,6,3,7,6,6,3,2,4,5,2,5,2,3,4,3,4,2,6,7,6,6,6,6,7,6,5,5,6,6,2,5,6,6,5,3,5,5,3,3,4,4,1,1
120,19,2,NA,NA,NA,NA,NA,NA,NA,NA,NA,NA,2,4,4,2,5,5,4,1,5,2,1,NA,NA,NA,NA,NA,NA,NA,NA,NA,NA,NA,NA,NA,NA,NA,NA,NA,NA,NA,NA,NA,NA,NA,NA,NA,1
121,19,2,6,6,6,6,6,6,6,1,6,6,1,5,4,2,5,5,2,2,4,3,4,4,5,5,5,2,3,5,5,NA,NA,NA,NA,NA,NA,NA,NA,NA,NA,NA,NA,NA,NA,NA,NA,1,1
122,19,2,NA,NA,NA,NA,NA,NA,NA,NA,NA,NA,2,4,4,4,4,3,2,2,4,3,4,NA,NA,NA,NA,NA,NA,NA,NA,NA,NA,NA,NA,NA,NA,NA,NA,NA,NA,NA,NA,NA,NA,NA,NA,NA,1
123,19,2,NA,NA,NA,NA,NA,NA,NA,NA,NA,NA,1,5,4,2,4,3,2,3,4,3,5,NA,NA,NA,NA,NA,NA,NA,NA,NA,NA,NA,NA,NA,NA,NA,NA,NA,NA,NA,NA,NA,NA,NA,NA,NA,1
124,20,2,NA,NA,NA,NA,NA,NA,NA,NA,NA,NA,2,4,4,5,5,2,1,1,5,3,2,NA,NA,NA,NA,NA,NA,NA,NA,NA,NA,NA,NA,NA,NA,NA,NA,NA,NA,NA,NA,NA,NA,NA,NA,NA,1
125,19,2,NA,NA,NA,NA,NA,NA,NA,NA,NA,NA,2,4,4,5,4,1,2,2,4,4,4,NA,NA,NA,NA,NA,NA,NA,NA,NA,NA,NA,NA,NA,NA,NA,NA,NA,NA,NA,NA,NA,NA,NA,NA,NA,1
126,19,2,NA,NA,NA,NA,NA,NA,NA,NA,NA,NA,3,4,3,4,4,3,1,2,5,2,3,NA,NA,NA,NA,NA,NA,NA,NA,NA,NA,NA,NA,NA,NA,NA,NA,NA,NA,NA,NA,NA,NA,NA,NA,NA,1
127,18,2,NA,NA,NA,NA,NA,NA,NA,NA,NA,NA,1,5,5,2,5,1,2,3,5,1,1,NA,NA,NA,NA,NA,NA,NA,NA,NA,NA,NA,NA,NA,NA,NA,NA,NA,NA,NA,NA,NA,NA,NA,NA,NA,1
129,20,1,NA,NA,NA,NA,NA,NA,NA,NA,NA,NA,4,5,4,1,5,1,1,2,5,1,5,NA,NA,NA,NA,NA,NA,NA,NA,NA,NA,NA,NA,NA,NA,NA,NA,NA,NA,NA,NA,NA,NA,NA,NA,NA,1
130,19,2,NA,NA,NA,NA,NA,NA,NA,NA,NA,NA,2,4,5,2,5,1,1,1,5,NA,2,NA,NA,NA,NA,NA,NA,NA,NA,NA,NA,NA,NA,NA,NA,NA,NA,NA,NA,NA,NA,NA,NA,NA,NA,NA,1
131,18,2,7,5,5,5,6,2,6,3,5,5,1,3,5,2,4,1,1,2,5,1,1,NA,NA,NA,NA,NA,NA,NA,NA,NA,NA,NA,NA,NA,NA,NA,NA,NA,NA,NA,NA,NA,NA,NA,NA,1,1
132,19,1,5,6,7,6,7,4,7,5,6,4,2,5,5,2,4,2,3,4,4,2,4,6,6,6,6,6,6,6,6,6,6,6,6,2,6,5,6,6,5,5,6,5,6,4,5,1,1
133,18,2,NA,NA,NA,NA,NA,NA,NA,NA,NA,NA,2,4,3,4,5,5,1,3,4,2,2,NA,NA,NA,NA,NA,NA,NA,NA,NA,NA,NA,NA,NA,NA,NA,NA,NA,NA,NA,NA,NA,NA,NA,NA,NA,1
134,19,2,NA,NA,NA,NA,NA,NA,NA,NA,NA,NA,4,4,2,2,4,4,2,2,4,3,4,NA,NA,NA,NA,NA,NA,NA,NA,NA,NA,NA,NA,NA,NA,NA,NA,NA,NA,NA,NA,NA,NA,NA,NA,NA,1
135,18,1,NA,NA,NA,NA,NA,NA,NA,NA,NA,NA,4,4,4,4,4,2,5,5,4,4,5,NA,NA,NA,NA,NA,NA,NA,NA,NA,NA,NA,NA,NA,NA,NA,NA,NA,NA,NA,NA,NA,NA,NA,NA,NA,1
136,18,1,NA,NA,NA,NA,NA,NA,NA,NA,NA,NA,1,5,4,3,5,4,3,2,4,3,5,NA,NA,NA,NA,NA,NA,NA,NA,NA,NA,NA,NA,NA,NA,NA,NA,NA,NA,NA,NA,NA,NA,NA,NA,NA,1
137,19,1,NA,NA,NA,NA,NA,NA,NA,NA,NA,NA,4,3,4,5,4,3,4,4,4,4,3,NA,NA,NA,NA,NA,NA,NA,NA,NA,NA,NA,NA,NA,NA,NA,NA,NA,NA,NA,NA,NA,NA,NA,NA,NA,1
139,18,2,7,7,6,7,7,7,7,6,7,7,1,5,5,1,5,2,1,3,5,2,2,7,7,7,7,6,7,7,7,NA,NA,NA,NA,NA,NA,NA,NA,NA,NA,NA,NA,NA,NA,NA,NA,1,1
140,19,1,NA,NA,NA,NA,NA,NA,NA,NA,NA,NA,2,4,4,4,4,4,3,5,4,3,4,NA,NA,NA,NA,NA,NA,NA,NA,NA,NA,NA,NA,NA,NA,NA,NA,NA,NA,NA,NA,NA,NA,NA,NA,NA,1
141,18,2,NA,NA,NA,NA,NA,NA,NA,NA,NA,NA,2,4,3,3,5,2,2,2,4,NA,4,NA,NA,NA,NA,NA,NA,NA,NA,NA,NA,NA,NA,NA,NA,NA,NA,NA,NA,NA,NA,NA,NA,NA,NA,NA,1
142,18,1,NA,NA,NA,NA,NA,NA,NA,NA,NA,NA,2,5,4,1,4,4,1,1,4,1,4,NA,NA,NA,NA,NA,NA,NA,NA,NA,NA,NA,NA,NA,NA,NA,NA,NA,NA,NA,NA,NA,NA,NA,NA,NA,1
143,19,1,NA,NA,NA,NA,NA,NA,NA,NA,NA,NA,3,4,4,3,3,3,2,2,3,2,4,NA,NA,NA,NA,NA,NA,NA,NA,NA,NA,NA,NA,NA,NA,NA,NA,NA,NA,NA,NA,NA,NA,NA,NA,NA,1
144,19,1,NA,NA,NA,NA,NA,NA,NA,NA,NA,NA,2,3,4,2,4,2,5,5,1,5,5,NA,NA,NA,NA,NA,NA,NA,NA,NA,NA,NA,NA,NA,NA,NA,NA,NA,NA,NA,NA,NA,NA,NA,NA,NA,1
145,19,1,7,7,7,7,7,7,7,7,1,1,1,2,1,3,4,5,3,4,3,5,2,7,7,7,7,4,7,7,7,7,7,7,7,7,7,6.5,7,7,7,1,1,7,7,7,1,1,1
149,18,2,NA,NA,NA,NA,NA,NA,NA,NA,NA,NA,1,4,4,2,5,5,2,2,4,2,4,NA,NA,NA,NA,NA,NA,NA,NA,NA,NA,NA,NA,NA,NA,NA,NA,NA,NA,NA,NA,NA,NA,NA,NA,NA,1
150,18,2,NA,NA,NA,NA,NA,NA,NA,NA,NA,NA,1,4,4,3,4,1,2,3,4,4,3,NA,NA,NA,NA,NA,NA,NA,NA,NA,NA,NA,NA,NA,NA,NA,NA,NA,NA,NA,NA,NA,NA,NA,NA,NA,1
151,21,1,NA,NA,NA,NA,NA,NA,NA,NA,NA,NA,1,4,4,2,5,1,1,2,4,2,1,NA,NA,NA,NA,NA,NA,NA,NA,NA,NA,NA,NA,NA,NA,NA,NA,NA,NA,NA,NA,NA,NA,NA,NA,NA,1
155,18,2,NA,NA,NA,NA,NA,NA,NA,NA,NA,NA,2,5,5,2,4,1,1,2,2,4,5,NA,NA,NA,NA,NA,NA,NA,NA,NA,NA,NA,NA,NA,NA,NA,NA,NA,NA,NA,NA,NA,NA,NA,NA,NA,1
156,18,2,NA,NA,NA,NA,NA,NA,NA,NA,NA,NA,1,5,5,2,5,2,3,4,5,4,4,NA,NA,NA,NA,NA,NA,NA,NA,NA,NA,NA,NA,NA,NA,NA,NA,NA,NA,NA,NA,NA,NA,NA,NA,NA,1
157,19,2,5,4,7,4,5,4,7,6,6,6,2,4,3,3,4,3,4,4,4,4,2,5,5,4,5,6,5,4,4,3,2,2,4,5,4,3,2,7,7,6,6,6,6,7,6,1,1
161,18,2,NA,NA,NA,NA,NA,NA,NA,NA,NA,NA,1,3,4,2,5,2,2,2,4,2,3,NA,NA,NA,NA,NA,NA,NA,NA,NA,NA,NA,NA,NA,NA,NA,NA,NA,NA,NA,NA,NA,NA,NA,NA,NA,1
162,19,1,NA,NA,NA,NA,NA,NA,NA,NA,NA,NA,3,5,4,2,4,2,2,2,2,2,4,NA,NA,NA,NA,NA,NA,NA,NA,NA,NA,NA,NA,NA,NA,NA,NA,NA,NA,NA,NA,NA,NA,NA,NA,NA,1
166,18,2,NA,NA,NA,NA,NA,NA,NA,NA,NA,NA,2,4,3,2,5,5,2,4,4,4,4,NA,NA,NA,NA,NA,NA,NA,NA,NA,NA,NA,NA,NA,NA,NA,NA,NA,NA,NA,NA,NA,NA,NA,NA,NA,1
167,19,2,NA,NA,NA,NA,NA,NA,NA,NA,NA,NA,3,3,4,4,3,4,2,2,4,2,3,NA,NA,NA,NA,NA,NA,NA,NA,NA,NA,NA,NA,NA,NA,NA,NA,NA,NA,NA,NA,NA,NA,NA,NA,NA,1
168,18,1,NA,NA,NA,NA,NA,NA,NA,NA,NA,NA,3,4,4,2,5,2,3,3,4,2,5,NA,NA,NA,NA,NA,NA,NA,NA,NA,NA,NA,NA,NA,NA,NA,NA,NA,NA,NA,NA,NA,NA,NA,NA,NA,1
169,18,1,6,6,7,6,5,4,6,6,5,5,2,4,5,2,5,2,2,4,4,4,4,4,5,5,4,6,4,5,5,5,6,6,3,4,5,5,6,3,6,6,4,4,4,5,6,1,1
170,19,1,NA,NA,NA,NA,NA,NA,NA,NA,NA,NA,2,4,5,4,4,4,2,2,4,2,5,NA,NA,NA,NA,NA,NA,NA,NA,NA,NA,NA,NA,NA,NA,NA,NA,NA,NA,NA,NA,NA,NA,NA,NA,NA,1
171,18,1,NA,NA,NA,NA,NA,NA,NA,NA,NA,NA,2,4,5,4,4,2,4,5,3,4,3,NA,NA,NA,NA,NA,NA,NA,NA,NA,NA,NA,NA,NA,NA,NA,NA,NA,NA,NA,NA,NA,NA,NA,NA,NA,1
172,18,2,NA,NA,NA,NA,NA,NA,NA,NA,NA,NA,2,4,4,2,4,2,4,5,4,4,2,NA,NA,NA,NA,NA,NA,NA,NA,NA,NA,NA,NA,NA,NA,NA,NA,NA,NA,NA,NA,NA,NA,NA,NA,NA,1
176,21,2,7,7,NA,7,7,4,7,3,4,2,4,4,3,5,4,5,2,4,4,3,2,6,7,6,7,6,5,6,7,7,7,5,7,7,7,6,6,4,5,5,4,5,4,7,7,1,1
177,21,1,NA,NA,NA,NA,NA,NA,NA,NA,NA,NA,2,5,4,3,5,3,1,1,4,1,4,NA,NA,NA,NA,NA,NA,NA,NA,NA,NA,NA,NA,NA,NA,NA,NA,NA,NA,NA,NA,NA,NA,NA,NA,NA,1
178,20,2,6,6,7,6,6,6,6,2,4,6,2,4,4,4,5,1,1,1,5,4,4,6,6,6,6,6,6,7,7,6,6,5,6,2,5,6,7,6,6,6,2,1,2,2,7,1,1
179,19,2,NA,NA,NA,NA,NA,NA,NA,NA,NA,NA,2,4,5,2,5,1,4,2,4,2,4,NA,NA,NA,NA,NA,NA,NA,NA,NA,NA,NA,NA,NA,NA,NA,NA,NA,NA,NA,NA,NA,NA,NA,NA,NA,1
180,18,2,NA,NA,NA,NA,NA,NA,NA,NA,NA,NA,3,3,5,3,5,4,5,5,2,5,4,NA,NA,NA,NA,NA,NA,NA,NA,NA,NA,NA,NA,NA,NA,NA,NA,NA,NA,NA,NA,NA,NA,NA,NA,NA,1
181,21,2,NA,NA,NA,NA,NA,NA,NA,NA,NA,NA,3,3,3,4,1,2,1,2,5,2,3,NA,NA,NA,NA,NA,NA,NA,NA,NA,NA,NA,NA,NA,NA,NA,NA,NA,NA,NA,NA,NA,NA,NA,NA,NA,1
182,19,1,NA,NA,NA,NA,NA,NA,NA,NA,NA,NA,2,4,4,2,3,4,4,4,4,4,5,NA,NA,NA,NA,NA,NA,NA,NA,NA,NA,NA,NA,NA,NA,NA,NA,NA,NA,NA,NA,NA,NA,NA,NA,NA,1
183,19,2,2,2,7,2,2,2,7,2,7,2,1,4,2,1,5,5,2,1,5,4,1,6,6,6,6,6,6,6,6,4,4,4,4,4,4,4,5,7,7,6,7,7,7,7,7,1,1
184,21,1,NA,NA,NA,NA,NA,NA,NA,NA,NA,NA,1,4,4,2,4,2,4,2,4,3,2,NA,NA,NA,NA,NA,NA,NA,NA,NA,NA,NA,NA,NA,NA,NA,NA,NA,NA,NA,NA,NA,NA,NA,NA,NA,1
185,18,1,NA,NA,NA,NA,NA,NA,NA,NA,NA,NA,1,5,4,1,5,1,1,1,4,1,5,NA,NA,NA,NA,NA,NA,NA,NA,NA,NA,NA,NA,NA,NA,NA,NA,NA,NA,NA,NA,NA,NA,NA,NA,NA,1
186,19,2,NA,NA,NA,NA,NA,NA,NA,NA,NA,NA,3,3,2,5,4,4,2,2,5,2,2,NA,NA,NA,NA,NA,NA,NA,NA,NA,NA,NA,NA,NA,NA,NA,NA,NA,NA,NA,NA,NA,NA,NA,NA,NA,1
187,19,2,NA,NA,NA,NA,NA,NA,NA,NA,NA,NA,1,5,5,2,5,1,1,1,5,1,1,NA,NA,NA,NA,NA,NA,NA,NA,NA,NA,NA,NA,NA,NA,NA,NA,NA,NA,NA,NA,NA,NA,NA,NA,NA,1
188,19,2,NA,NA,NA,NA,NA,NA,NA,NA,NA,NA,1,5,5,2,4,1,1,1,5,2,1,NA,NA,NA,NA,NA,NA,NA,NA,NA,NA,NA,NA,NA,NA,NA,NA,NA,NA,NA,NA,NA,NA,NA,NA,NA,1
189,19,2,5,7,7,7,7,3,7,1,2,2,2,5,4,4,4,4,5,5,2,5,4,NA,NA,NA,NA,NA,NA,NA,NA,NA,NA,NA,NA,NA,NA,NA,NA,NA,NA,NA,NA,NA,NA,NA,NA,1,1
190,18,2,7,6,7,6,7,7,6,4,7,7,1,4,4,2,4,4,1,1,5,NA,2,NA,NA,NA,NA,NA,NA,NA,NA,NA,NA,NA,NA,NA,NA,NA,NA,NA,NA,NA,NA,NA,NA,NA,NA,1,1
191,18,2,7,7,7,7,7,7,7,7,7,7,1,5,5,1,5,4,2,3,4,2,3,7,7,7,7,7,7,7,7,7,7,5,7,7,7,6,7,5,4,4,4,6,4,4,4,1,1
192,18,1,NA,NA,NA,NA,NA,NA,NA,NA,NA,NA,2,3,3,5,4,3,5,4,4,4,NA,NA,NA,NA,NA,NA,NA,NA,NA,NA,NA,NA,NA,NA,NA,NA,NA,NA,NA,NA,NA,NA,NA,NA,NA,NA,1
193,18,2,NA,NA,NA,NA,NA,NA,NA,NA,NA,NA,2,5,4,1,5,2,4,2,2,4,4,NA,NA,NA,NA,NA,NA,NA,NA,NA,NA,NA,NA,NA,NA,NA,NA,NA,NA,NA,NA,NA,NA,NA,NA,NA,1
194,18,1,NA,NA,NA,NA,NA,NA,NA,NA,NA,NA,1,5,5,2,5,1,1,2,5,2,3,NA,NA,NA,NA,NA,NA,NA,NA,NA,NA,NA,NA,NA,NA,NA,NA,NA,NA,NA,NA,NA,NA,NA,NA,NA,1
195,19,2,5,6,6,5,6,5,5,6,6,5,1,4,4,3,4,2,4,4,5,3,4,4,5,5,6,5,6,6,5,4,2,5,4,3,3,5,4,4,4,6,5,6,5,3,5,1,1
196,19,1,2,4,4,4,1,3,5,4,6,4,3,4,4,3,4,4,3,4,4,3,4,3,5,5,6,7,5,5,5,4,2,4,NA,1,1,6,6,4,5,4,4,1,4,6,5,1,1
197,19,2,7,7,7,7,7,7,6,7,4,3,2,5,5,2,4,2,2,2,5,1,3,7,7,6,7,6,6,7,6,6,6,6,6,6,6,6,6,6,3,5,4,3,4,6,5,1,1
198,19,1,9,6,6,6,6,2,6,2,2,2,1,5,5,5,5,5,4,4,4,4,4,6,6,6,6,6,4,6,6,4,2,4,4,3,4,4,2,5,2,5,2,2,2,5,2,1,1
199,19,1,NA,NA,NA,NA,NA,NA,NA,NA,NA,NA,2,4,2,4,4,2,3,3,4,3,4,NA,NA,NA,NA,NA,NA,NA,NA,NA,NA,NA,NA,NA,NA,NA,NA,NA,NA,NA,NA,NA,NA,NA,NA,NA,1
200,18,2,NA,NA,NA,NA,NA,NA,NA,NA,NA,NA,2,4,4,1,5,5,2,3,4,4,1,NA,NA,NA,NA,NA,NA,NA,NA,NA,NA,NA,NA,NA,NA,NA,NA,NA,NA,NA,NA,NA,NA,NA,NA,NA,1
201,18,2,NA,NA,NA,NA,NA,NA,NA,NA,NA,NA,2,4,4,2,3,5,1,2,4,1,3,NA,NA,NA,NA,NA,NA,NA,NA,NA,NA,NA,NA,NA,NA,NA,NA,NA,NA,NA,NA,NA,NA,NA,NA,NA,1
203,19,1,NA,NA,NA,NA,NA,NA,NA,NA,NA,NA,5,2,3,5,2,5,2,3,4,2,5,NA,NA,NA,NA,NA,NA,NA,NA,NA,NA,NA,NA,NA,NA,NA,NA,NA,NA,NA,NA,NA,NA,NA,NA,NA,1
204,18,1,NA,NA,NA,NA,NA,NA,NA,NA,NA,NA,2,2,5,4,4,2,4,4,5,4,5,NA,NA,NA,NA,NA,NA,NA,NA,NA,NA,NA,NA,NA,NA,NA,NA,NA,NA,NA,NA,NA,NA,NA,NA,NA,1
205,18,2,6,6,6,6,6,2,6,2,5,4,2,4,4,2,4,2,4,4,4,4,2,NA,NA,NA,NA,NA,NA,NA,NA,NA,NA,NA,NA,NA,NA,NA,NA,NA,NA,NA,NA,NA,NA,NA,NA,1,1
206,18,2,NA,NA,NA,NA,NA,NA,NA,NA,NA,NA,2,4,4,2,5,2,1,2,5,1,2,NA,NA,NA,NA,NA,NA,NA,NA,NA,NA,NA,NA,NA,NA,NA,NA,NA,NA,NA,NA,NA,NA,NA,NA,NA,1
207,19,1,NA,NA,NA,NA,NA,NA,NA,NA,NA,NA,5,NA,4,2,4,5,5,2,4,NA,4,NA,NA,NA,NA,NA,NA,NA,NA,NA,NA,NA,NA,NA,NA,NA,NA,NA,NA,NA,NA,NA,NA,NA,NA,NA,1
208,18,1,NA,NA,NA,NA,NA,NA,NA,NA,NA,NA,2,4,4,4,4,3,3,3,3,3,4,NA,NA,NA,NA,NA,NA,NA,NA,NA,NA,NA,NA,NA,NA,NA,NA,NA,NA,NA,NA,NA,NA,NA,NA,NA,1
209,19,1,NA,NA,NA,NA,NA,NA,NA,NA,NA,NA,2,4,4,2,4,3,2,2,4,3,4,NA,NA,NA,NA,NA,NA,NA,NA,NA,NA,NA,NA,NA,NA,NA,NA,NA,NA,NA,NA,NA,NA,NA,NA,NA,1
210,19,1,NA,NA,NA,NA,NA,NA,NA,NA,NA,NA,2,4,4,5,4,1,2,2,4,4,4,NA,NA,NA,NA,NA,NA,NA,NA,NA,NA,NA,NA,NA,NA,NA,NA,NA,NA,NA,NA,NA,NA,NA,NA,NA,1
211,18,2,6,7,7,7,7,4,7,3,3,6,2,4,3,2,4,5,4,5,3,5,4,6,7,6,6,6,6,7,6,4,4,4,4,4,4,4,4,5,6,6,4,4,4,7,7,1,1
212,18,2,NA,NA,NA,NA,NA,NA,NA,NA,NA,NA,2,4,3,3,5,2,1,3,5,2,1,NA,NA,NA,NA,NA,NA,NA,NA,NA,NA,NA,NA,NA,NA,NA,NA,NA,NA,NA,NA,NA,NA,NA,NA,NA,1
213,20,2,6,6,6,6,6,6,7,5,4,6,2,5,4,3,4,1,4,2,5,2,1,NA,NA,NA,NA,NA,NA,NA,NA,NA,NA,NA,NA,NA,NA,NA,NA,NA,NA,NA,NA,NA,NA,NA,NA,1,1
214,19,2,NA,NA,NA,NA,NA,NA,NA,NA,NA,NA,1,4,4,1,5,1,1,2,5,4,2,NA,NA,NA,NA,NA,NA,NA,NA,NA,NA,NA,NA,NA,NA,NA,NA,NA,NA,NA,NA,NA,NA,NA,NA,NA,1
215,19,2,6,3,6,5,1,4,5,1,3,3,2,4,3,4,4,4,5,5,2,5,5,4,5,5,5,4,4,5,5,4,5,5,6,5,4,5,NA,NA,NA,NA,NA,NA,NA,NA,NA,1,1
216,19,2,7,7,7,7,7,6,7,7,7,6,4,4,3,4,4,4,1,1,5,1,4,5,6,6,6,5,6,5,6,NA,NA,NA,NA,NA,NA,NA,NA,NA,NA,NA,NA,NA,NA,NA,NA,1,1
217,22,2,5,7,6,7,7,2,7,7,6,2,1,4,4,2,5,1,1,2,5,2,2,6,7,7,7,7,6,7,7,2,3,5,6,5,3,3,3,7,7,6,6,6,6,7,7,1,1
218,18,2,NA,NA,NA,NA,NA,NA,NA,NA,NA,NA,1,4,4,3,4,1,3,3,4,3,4,NA,NA,NA,NA,NA,NA,NA,NA,NA,NA,NA,NA,NA,NA,NA,NA,NA,NA,NA,NA,NA,NA,NA,NA,NA,1
219,18,1,NA,NA,NA,NA,NA,NA,NA,NA,NA,NA,1,5,5,4,5,1,2,1,5,1,4,NA,NA,NA,NA,NA,NA,NA,NA,NA,NA,NA,NA,NA,NA,NA,NA,NA,NA,NA,NA,NA,NA,NA,NA,NA,1
220,21,2,7,7,7,7,7,4,7,7,7,5,2,5,4,1,5,1,2,2,2,2,2,7,7,7,7,2,1,7,7,NA,NA,NA,NA,NA,NA,NA,NA,NA,NA,NA,NA,NA,NA,NA,NA,1,1
221,18,2,7,7,6,7,7,7,7,5,4,6,1,5,5,4,3,2,4,2,5,5,5,7,6,5,7,7,7,7,7,7,5,4,7,7,7,7,4,NA,NA,NA,NA,NA,NA,NA,NA,1,1
222,20,2,NA,NA,NA,NA,NA,NA,NA,NA,NA,NA,1,5,5,1,5,1,4,2,3,4,4,NA,NA,NA,NA,NA,NA,NA,NA,NA,NA,NA,NA,NA,NA,NA,NA,NA,NA,NA,NA,NA,NA,NA,NA,NA,1
223,18,2,NA,NA,NA,NA,NA,NA,NA,NA,NA,NA,2,4,4,2,3,2,1,4,4,2,2,NA,NA,NA,NA,NA,NA,NA,NA,NA,NA,NA,NA,NA,NA,NA,NA,NA,NA,NA,NA,NA,NA,NA,NA,NA,1
224,18,1,NA,NA,NA,NA,NA,NA,NA,NA,NA,NA,5,2,1,5,2,5,2,1,5,1,4,NA,NA,NA,NA,NA,NA,NA,NA,NA,NA,NA,NA,NA,NA,NA,NA,NA,NA,NA,NA,NA,NA,NA,NA,NA,1
225,18,1,NA,NA,NA,NA,NA,NA,NA,NA,NA,NA,1,5,5,2,5,1,1,1,5,2,4,NA,NA,NA,NA,NA,NA,NA,NA,NA,NA,NA,NA,NA,NA,NA,NA,NA,NA,NA,NA,NA,NA,NA,NA,NA,1
226,18,2,NA,NA,NA,NA,NA,NA,NA,NA,NA,NA,2,3,3,2,5,1,2,2,3,2,4,NA,NA,NA,NA,NA,NA,NA,NA,NA,NA,NA,NA,NA,NA,NA,NA,NA,NA,NA,NA,NA,NA,NA,NA,NA,1
227,18,2,NA,NA,NA,NA,NA,NA,NA,NA,NA,NA,1,5,4,4,4,1,2,2,4,2,3,NA,NA,NA,NA,NA,NA,NA,NA,NA,NA,NA,NA,NA,NA,NA,NA,NA,NA,NA,NA,NA,NA,NA,NA,NA,1
228,18,1,NA,NA,NA,NA,NA,NA,NA,NA,NA,NA,1,5,3,1,5,1,1,1,5,1,1,NA,NA,NA,NA,NA,NA,NA,NA,NA,NA,NA,NA,NA,NA,NA,NA,NA,NA,NA,NA,NA,NA,NA,NA,NA,1
229,19,1,NA,NA,NA,NA,NA,NA,NA,NA,NA,NA,1,4,4,2,5,1,1,4,1,1,4,NA,NA,NA,NA,NA,NA,NA,NA,NA,NA,NA,NA,NA,NA,NA,NA,NA,NA,NA,NA,NA,NA,NA,NA,NA,1
230,18,2,7,7,7,7,7,7,7,7,7,7,2,5,5,2,5,4,4,5,4,4,2,6,7,7,7,7,6,7,7,NA,NA,NA,NA,NA,NA,NA,NA,NA,NA,NA,NA,NA,NA,NA,NA,1,1
231,18,1,NA,NA,NA,NA,NA,NA,NA,NA,NA,NA,2,4,3,3,4,2,2,2,4,2,2,NA,NA,NA,NA,NA,NA,NA,NA,NA,NA,NA,NA,NA,NA,NA,NA,NA,NA,NA,NA,NA,NA,NA,NA,NA,1
232,19,2,6,7,7,7,7,7,7,4,5,5,2,5,5,3,5,1,4,2,4,4,5,4,6,6,6,5,5,7,6,5,5,5,5,4,5,5,5,6,7,5,5,5,6,5,6,1,1
233,19,2,7,7,6,7,7,5,7,7,7,6,2,4,3,4,5,5,1,2,4,3,1,7,5,7,7,6,6,6,6,5,3,5,7,6,6,3,4,5,6,6,6,6,6,4,5,1,1
234,18,1,NA,NA,NA,NA,NA,NA,NA,NA,NA,NA,3,4,4,3,5,NA,4,4,4,4,4,NA,NA,NA,NA,NA,NA,NA,NA,NA,NA,NA,NA,NA,NA,NA,NA,NA,NA,NA,NA,NA,NA,NA,NA,NA,1
235,21,1,NA,NA,NA,NA,NA,NA,NA,NA,NA,NA,1,4,4,3,3,1,2,2,4,2,4,NA,NA,NA,NA,NA,NA,NA,NA,NA,NA,NA,NA,NA,NA,NA,NA,NA,NA,NA,NA,NA,NA,NA,NA,NA,1
236,19,2,NA,NA,NA,NA,NA,NA,NA,NA,NA,NA,2,4,4,3,5,1,1,2,4,3,4,NA,NA,NA,NA,NA,NA,NA,NA,NA,NA,NA,NA,NA,NA,NA,NA,NA,NA,NA,NA,NA,NA,NA,NA,NA,1
237,18,2,6,6,6,4,6,1,7,1,4,2,2,5,4,2,4,2,1,1,5,1,1,7,7,7,7,7,7,7,7,4,4,4,4,4,4,4,4,3,5,6,3,5,6,6,3,1,1
238,23,1,NA,NA,NA,NA,NA,NA,NA,NA,NA,NA,2,4,4,3,4,3,2,4,4,2,2,NA,NA,NA,NA,NA,NA,NA,NA,NA,NA,NA,NA,NA,NA,NA,NA,NA,NA,NA,NA,NA,NA,NA,NA,NA,1
239,18,2,NA,NA,NA,NA,NA,NA,NA,NA,NA,NA,2,4,5,4,4,2,1,1,4,2,2,NA,NA,NA,NA,NA,NA,NA,NA,NA,NA,NA,NA,NA,NA,NA,NA,NA,NA,NA,NA,NA,NA,NA,NA,NA,1
240,18,1,NA,NA,NA,NA,NA,NA,NA,NA,NA,NA,2,4,4,4,4,2,2,3,2,4,4,NA,NA,NA,NA,NA,NA,NA,NA,NA,NA,NA,NA,NA,NA,NA,NA,NA,NA,NA,NA,NA,NA,NA,NA,NA,1
241,18,1,NA,NA,NA,NA,NA,NA,NA,NA,NA,NA,3,4,3,3,4,2,4,4,4,4,2,NA,NA,NA,NA,NA,NA,NA,NA,NA,NA,NA,NA,NA,NA,NA,NA,NA,NA,NA,NA,NA,NA,NA,NA,NA,1
242,20,1,NA,NA,NA,NA,NA,NA,NA,NA,NA,NA,2,4,5,3,4,4,1,2,5,2,2,NA,NA,NA,NA,NA,NA,NA,NA,NA,NA,NA,NA,NA,NA,NA,NA,NA,NA,NA,NA,NA,NA,NA,NA,NA,1
243,19,2,7,7,7,7,7,5,7,5,7,5,2,5,5,3,4,1,4,2,4,3,4,6,6,6,6,6,6,6,6,7,7,7,7,6,7,7,7,5,5,5,5,5,5,5,5,1,1
244,28,1,7,7,5,7,7,1,4,1,1,1,2,3,4,2,4,2,2,3,4,4,3,5,6,6,3,5,2,7,5,2,4,4,5,2,5,3,5,4,4,4,3,5,3,5,6,1,1
245,19,2,7,7,6,7,7,6,5,1,6,3,1,NA,3,3,3,3,1,1,NA,1,3,7,7,7,7,7,7,7,6,5,3,4,6,6,4,3,5,5,7,5,6,7,7,7,7,1,1
246,19,2,6,6,6,7,4,3,7,5,4,5,2,4,3,3,4,4,4,2,4,3,3,5,5,5,5,5,5,5,5,4,5,3,5,5,4,4,5,4,4,4,4,5,4,5,4,1,1
247,18,2,7,7,7,7,6,2,7,1,2,3,NA,NA,NA,NA,NA,NA,NA,NA,NA,NA,NA,6,2,6,3,6,6,6,2,6,2,4,5,4,3,5,2,4,2,4,5,5,3,6,4,1,NA
249,18,1,5,4,5,6,6,4,7,5,7,7,2,4,5,4,5,4,3,5,5,4,3,7,4,6,5,7,6,5,4,2,1,7,3,3,4,6,5,3,3,4,4,5,2,3,4,1,1
250,19,2,7,7,7,7,7,6,5,3,3,4,1,5,4,2,5,1,2,3,3,2,4,7,7,7,7,4,5,6,5,3,6,2,3,5,5,5,3,6,7,6,5,3,3,6,4,1,1
251,18,2,7,7,7,7,7,5,7,6,6,6,NA,NA,NA,NA,NA,NA,NA,NA,NA,NA,NA,6,7,6,6,6,6,7,6,6,7,7,7,6,5,7,7,3,3,4,7,7,7,7,5,1,NA
252,24,1,6,7,6,6,6,5,6,6,5,4,NA,NA,NA,NA,NA,NA,NA,NA,NA,NA,NA,6,5,5,5,5,3,6,5,4,4,4,3,3,3,3,4,4,6,5,3,4,6,7,5,1,NA
254,20,1,1,4,6,1,6,2,5,3,2,1,1,4,4,3,4,1,1,4,4,2,2,5,6,6,5,6,6,7,4,5,3,5,2,6,3,6,3,5,5,5,4,5,5,5,5,1,1
255,18,1,6,4,6,5,6,7,5,5,6,7,2,5,3,2,5,2,5,5,4,5,5,6,7,6,5,6,5,7,6,6,4,6,6,3,NA,5,5,4,3,5,4,6,5,5,4,1,1
256,18,1,6,7,6,5,6,4,2,1,6,3,2,4,4,2,4,2,2,2,3,3,1,6,7,5,6,6,5,7,7,6,6,5,5,6,5,5,5,7,7,6,7,3,5,7,6,1,1
257,18,2,4,6,7,5,5,4,7,7,1,6,NA,NA,NA,NA,NA,NA,NA,NA,NA,NA,NA,6,7,5,7,7,6,6,6,5,6,5,6,6,6,5,5,6,7,6,7,7,7,7,7,1,NA
258,18,1,4,5,6,5,5,3,7,2,7,5,NA,NA,NA,NA,NA,NA,NA,NA,NA,NA,NA,5,6,5,4,6,3,6,5,7,6,7,6,2,6,6,5,5,4,5,4,2,4,5,4,1,NA
259,20,1,6,7,5,5,6,4,7,3,2,5,NA,NA,NA,NA,NA,NA,NA,NA,NA,NA,NA,5,6,5,5,6,6,6,5,4,4,5,4,4,4,5,4,6,4,4,6,5,5,5,4,1,NA
260,18,2,7,7,7,6,6,3,5,3,4,4,2,4,5,3,4,1,1,1,5,1,2,5,5,6,5,4,4,5,4,4,4,4,4,2,1,4,4,5,3,4,4,3,3,4,4,1,1
261,19,1,3,4,7,4,2,1,5,1,3,1,4,5,4,4,5,5,3,5,4,5,4,4,6,6,7,5,5,7,7,5,4,4,4,5,6,4,5,6,5,5,5,5,6,6,6,1,1
262,18,2,4,6,6,4,6,6,7,3,3,5,1,4,4,1,5,1,1,3,5,1,1,4,7,6,6,6,5,7,7,4,5,6,5,3,5,4,6,3,5,4,4,6,4,6,5,1,1
264,19,2,6,6,7,7,5,3,7,2,3,4,2,3,3,2,4,5,4,4,3,4,4,6,7,5,5,6,5,6,7,3,3,4,6,5,5,3,6,6,4,4,5,5,3,5,6,1,1
265,18,1,5,3,5,2,2,4,7,4,6,1,2,3,3,3,4,2,2,2,4,4,5,5,6,5,4,6,6,6,6,3,3,4,4,4,4,5,3,6,4,5,3,5,3,4,3,1,1
266,19,1,6,6,6,7,5,1,7,1,2,1,2,4,5,2,4,2,4,5,2,4,4,4,6,5,6,3,6,5,5,3,4,4,5,4,5,3,3,5,5,5,6,6,6,5,5,1,1
267,18,2,7,7,7,7,7,7,7,7,7,7,3,4,3,5,4,4,4,5,4,5,5,6,5,5,6,7,6,6,5,5,4,3,6,7,5,3,5,7,6,6,5,6,6,7,5,1,1
268,18,2,5,6,6,5,6,5,7,1,3,6,2,4,3,2,4,4,2,4,3,2,4,4,6,5,6,6,5,6,5,2,1,4,5,4,2,3,2,5,3,5,5,5,6,7,5,1,1
269,19,2,7,7,6,7,7,5,6,1,2,4,2,4,4,3,4,4,3,1,4,4,5,5,6,6,5,6,3,6,4,4,5,7,6,2,4,6,4,4,4,6,5,3,2,6,3,1,1
271,19,2,7,7,7,7,7,3,7,2,5,2,4,5,3,4,4,4,2,2,1,1,3,6,6,6,6,6,6,6,6,2,4,4,4,6,6,4,3,7,7,6,4,7,7,7,4,1,1
272,18,1,NA,NA,NA,NA,NA,NA,NA,NA,NA,NA,1,4,3,3,4,2,4,2,4,3,4,NA,NA,NA,NA,NA,NA,NA,NA,NA,NA,NA,NA,NA,NA,NA,NA,NA,NA,NA,NA,NA,NA,NA,NA,NA,1
273,18,2,7,7,7,7,7,1,7,1,1,7,4,3,4,5,4,5,4,5,4,5,4,2,5,5,5,2,2,4,2,5,7,7,5,6,6,7,7,3,6,7,7,5,4,5,7,1,1
274,18,1,NA,NA,NA,NA,NA,NA,NA,NA,NA,NA,2,4,4,2,4,1,1,3,4,2,3,NA,NA,NA,NA,NA,NA,NA,NA,NA,NA,NA,NA,NA,NA,NA,NA,NA,NA,NA,NA,NA,NA,NA,NA,NA,1
275,20,2,NA,NA,NA,NA,NA,NA,NA,NA,NA,NA,1,4,4,3,4,4,4,2,4,3,3,NA,NA,NA,NA,NA,NA,NA,NA,NA,NA,NA,NA,NA,NA,NA,NA,NA,NA,NA,NA,NA,NA,NA,NA,NA,1
276,18,2,NA,NA,NA,NA,NA,NA,NA,NA,NA,NA,1,5,3,2,4,2,4,5,4,4,4,NA,NA,NA,NA,NA,NA,NA,NA,NA,NA,NA,NA,NA,NA,NA,NA,NA,NA,NA,NA,NA,NA,NA,NA,NA,1
277,18,2,NA,NA,NA,NA,NA,NA,NA,NA,NA,NA,1,5,4,2,4,1,1,1,5,1,2,NA,NA,NA,NA,NA,NA,NA,NA,NA,NA,NA,NA,NA,NA,NA,NA,NA,NA,NA,NA,NA,NA,NA,NA,NA,1
278,22,1,NA,NA,NA,NA,NA,NA,NA,NA,NA,NA,2,4,4,4,4,2,3,2,4,2,4,NA,NA,NA,NA,NA,NA,NA,NA,NA,NA,NA,NA,NA,NA,NA,NA,NA,NA,NA,NA,NA,NA,NA,NA,NA,1
280,19,2,NA,NA,NA,NA,NA,NA,NA,NA,NA,NA,3,5,3,3,4,2,3,2,4,3,2,NA,NA,NA,NA,NA,NA,NA,NA,NA,NA,NA,NA,NA,NA,NA,NA,NA,NA,NA,NA,NA,NA,NA,NA,NA,1
281,18,2,NA,NA,NA,NA,NA,NA,NA,NA,NA,NA,1,4,4,4,3,2,3,3,3,3,4,NA,NA,NA,NA,NA,NA,NA,NA,NA,NA,NA,NA,NA,NA,NA,NA,NA,NA,NA,NA,NA,NA,NA,NA,NA,1
282,20,1,6,5,6,5,5,3,7,6,7,3,1,5,4,2,4,1,3,1,1,2,3,4,6,6,6,5,5,7,7,5,6,6,6,4,5,7,7,6,6,6,6,4,5,6,7,1,1
285,19,1,6,6,6,6,2,4,7,5,4,6,3,4,4,2,5,4,2,4,4,5,2,4,5,6,7,5,5,6,5,4,4,4,4,5,5,5,4,6,5,5,NA,6,NA,5,4,1,1
286,18,1,NA,NA,NA,NA,NA,NA,NA,NA,NA,NA,4,4,4,4,2,4,4,5,1,5,4,NA,NA,NA,NA,NA,NA,NA,NA,NA,NA,NA,NA,NA,NA,NA,NA,NA,NA,NA,NA,NA,NA,NA,NA,NA,1
287,19,1,4,5,7,5,6,5,7,4,6,5,2,4,4,4,4,3,4,4,4,3,4,NA,NA,NA,NA,NA,NA,NA,NA,NA,NA,NA,NA,NA,NA,NA,NA,NA,NA,NA,NA,NA,NA,NA,NA,1,1
288,18,2,NA,NA,NA,NA,NA,NA,NA,NA,NA,NA,2,4,4,4,4,2,1,1,5,2,3,NA,NA,NA,NA,NA,NA,NA,NA,NA,NA,NA,NA,NA,NA,NA,NA,NA,NA,NA,NA,NA,NA,NA,NA,NA,1
289,18,1,5,5,6,5,6,6,7,4,6,5,2,4,4,4,4,4,3,4,3,3,4,5,6,5,5,5,5,5,NA,NA,NA,NA,NA,NA,NA,NA,NA,NA,NA,NA,NA,NA,NA,NA,NA,1,1
290,18,1,NA,NA,NA,NA,NA,NA,NA,NA,NA,NA,NA,NA,NA,NA,NA,NA,NA,NA,NA,NA,NA,NA,NA,NA,NA,NA,NA,NA,NA,NA,NA,NA,NA,NA,NA,NA,NA,NA,NA,NA,NA,NA,NA,NA,NA,NA,NA
291,20,2,NA,NA,NA,NA,NA,NA,NA,NA,NA,NA,1,5,5,3,5,2,1,1,5,1,3,NA,NA,NA,NA,NA,NA,NA,NA,NA,NA,NA,NA,NA,NA,NA,NA,NA,NA,NA,NA,NA,NA,NA,NA,NA,1
292,18,2,NA,NA,NA,NA,NA,NA,NA,NA,NA,NA,2,5,4,2,5,1,1,2,5,3,2,NA,NA,NA,NA,NA,NA,NA,NA,NA,NA,NA,NA,NA,NA,NA,NA,NA,NA,NA,NA,NA,NA,NA,NA,NA,1
293,20,1,5,6,5,6,5,2,6,2,5,2,3,3,5,1,5,3,1,1,5,1,1,5,6,7,5,5,2,5,5,3,3,3,3,3,3,3,3,5,4,4,6,5,5,5,4,1,1
294,20,2,NA,NA,NA,NA,NA,NA,NA,NA,NA,NA,2,5,4,4,5,1,1,1,5,1,4,NA,NA,NA,NA,NA,NA,NA,NA,NA,NA,NA,NA,NA,NA,NA,NA,NA,NA,NA,NA,NA,NA,NA,NA,NA,1
295,19,1,7,6,7,6,7,6,7,5,6,7,1,4,4,2,4,2,3,2,4,3,4,5,5,6,6,6,5,6,6,4,5,6,3,2,3,6,5,5,6,6,4,5,5,6,5,1,1
296,19,2,NA,NA,NA,NA,NA,NA,NA,NA,NA,NA,1,3,4,2,5,2,2,1,5,4,2,NA,NA,NA,NA,NA,NA,NA,NA,NA,NA,NA,NA,NA,NA,NA,NA,NA,NA,NA,NA,NA,NA,NA,NA,NA,1
297,18,1,NA,NA,NA,NA,NA,NA,NA,NA,NA,NA,1,5,4,3,5,1,4,4,3,4,5,NA,NA,NA,NA,NA,NA,NA,NA,NA,NA,NA,NA,NA,NA,NA,NA,NA,NA,NA,NA,NA,NA,NA,NA,NA,1
298,18,1,NA,NA,NA,NA,NA,NA,NA,NA,NA,NA,1,4,4,4,4,1,1,1,5,1,2,NA,NA,NA,NA,NA,NA,NA,NA,NA,NA,NA,NA,NA,NA,NA,NA,NA,NA,NA,NA,NA,NA,NA,NA,NA,1
300,20,2,NA,NA,NA,NA,NA,NA,NA,NA,NA,NA,1,4,4,2,4,1,2,3,4,4,4,6,6,6,6,3,5,6,5,5,6,5,5,2,4,6,6,6,6,5,6,5,5,6,6,1,1
301,19,1,NA,NA,NA,NA,NA,NA,NA,NA,NA,NA,2,4,3,2,4,4,1,1,5,2,4,NA,NA,NA,NA,NA,NA,NA,NA,NA,NA,NA,NA,NA,NA,NA,NA,NA,NA,NA,NA,NA,NA,NA,NA,NA,1
302,18,2,NA,NA,NA,NA,NA,NA,NA,NA,NA,NA,2,5,4,3,4,2,1,2,5,2,1,NA,NA,NA,NA,NA,NA,NA,NA,NA,NA,NA,NA,NA,NA,NA,NA,NA,NA,NA,NA,NA,NA,NA,NA,NA,1
303,19,2,NA,NA,NA,NA,NA,NA,NA,NA,NA,NA,3,3,4,4,4,2,2,2,1,2,3,NA,NA,NA,NA,NA,NA,NA,NA,NA,NA,NA,NA,NA,NA,NA,NA,NA,NA,NA,NA,NA,NA,NA,NA,NA,1
304,18,1,5,6,6,6,6,2,6,4,2,4,3,4,4,2,4,1,4,2,2,4,3,6,6,5,6,7,6,5,6,4,3,5,4,6,3,3,3,7,6,6,6,6,6,7,7,1,1
305,18,1,5,5,5,3,4,5,7,4,4,7,2,4,3,3,4,2,2,3,4,4,3,5,4,6,6,6,5,5,4,4,5,5,4,3,2,4,5,6,6,5,6,6,5,5,6,1,1
306,18,1,7,7,4,7,4,6,7,7,7,7,1,5,5,2,5,1,4,3,4,4,4,5,5,6,6,6,6,6,2,5,6,6,5,4,4,6,4,5,5,5,4,4,2,4,3,1,1
307,19,1,5,5,7,6,4,3,7,2,6,6,1,4,4,2,4,1,5,2,4,2,2,5,3,6,5,3,5,5,4,5,5,4,5,4,6,5,5,6,7,6,7,5,6,5,7,1,1
308,18,1,4,5,4,3,2,1,7,2,2,2,2,4,4,4,4,2,3,2,3,3,4,4,5,5,6,5,4,6,6,5,4,5,6,3,5,5,5,6,6,7,6,4,6,6,6,1,1
309,18,2,7,7,7,7,4,4,7,5,6,4,2,4,5,3,5,5,2,2,5,3,2,6,7,6,6,2,6,6,5,7,6,7,7,7,7,6,6,6,4,4,5,3,NA,5,4,1,1
310,18,2,5,4,5,2,2,1,7,2,6,6,3,5,4,4,5,1,2,4,4,3,4,4,6,6,6,7,5,5,4,5,5,6,6,6,7,6,4,7,6,6,6,4,4,7,7,1,1
311,18,2,7,7,7,7,7,4,7,1,7,2,1,5,4,4,5,1,3,1,5,3,2,6,6,6,6,6,6,6,6,5,6,6,6,5,6,6,6,2,5,3,4,5,2,5,5,1,1
312,20,2,6,7,7,3,6,2,6,3,2,3,4,4,5,4,4,2,2,2,5,2,2,4,3,6,3,7,6,7,4,5,5,6,7,7,5,5,5,3,3,2,6,7,6,6,4,1,1
313,19,2,4,6,6,5,6,3,3,5,4,5,NA,NA,NA,NA,NA,NA,NA,NA,NA,NA,NA,5,4,6,6,6,5,5,4,7,6,7,6,6,6,6,6,6,4,5,4,2,4,5,5,1,NA
314,18,2,7,7,7,7,7,1,7,1,7,1,2,5,5,5,5,5,4,5,4,5,3,5,7,5,7,7,6,5,7,5,7,7,7,6,6,5,5,7,7,7,7,7,7,5,5,1,1
315,21,2,6,5,5,4,5,5,6,4,2,6,1,5,5,2,5,1,4,4,4,4,3,4,6,6,6,5,6,6,6,5,4,6,6,5,5,5,6,7,6,6,6,2,6,6,6,1,1
